code,label,parent
real_estate_agent,Real Estate Agent,real_estate_service
health_care,Health Care,
christian_place_of_worship,Christian Place Of Worship,place_of_worship
restaurant,Restaurant,food_and_drink
social_or_community_service,Social Or Community Service,community_and_government
historic_site,Historic Site,cultural_and_historic
automotive_repair,Automotive Repair,automotive_service
beauty_salon,Beauty Salon,personal_or_beauty_service
hair_salon,Hair Salon,personal_or_beauty_service
professional_service,Professional Service,services_and_business
doctors_office,Doctors Office,diagnostics_imaging_or_lab_service
park,Park,sports_and_recreation
gas_station,Gas Station,fueling_station
contractor,Contractor,home_service
pizza_restaurant,Pizza Restaurant,italian_restaurant
atm,Atm,financial_service
gym,Gym,sport_or_fitness_facility
real_estate_service,Real Estate Service,services_and_business
insurance_agency,Insurance Agency,financial_service
government_office,Government Office,community_and_government
dental_clinic,Dental Clinic,outpatient_care_facility
nail_salon,Nail Salon,personal_or_beauty_service
grocery_store,Grocery Store,food_and_beverage_store
convenience_store,Convenience Store,shopping
spa,Spa,wellness_service
shopping,Shopping,
fast_food_restaurant,Fast Food Restaurant,casual_eatery
clothing_store,Clothing Store,fashion_and_apparel_store
auto_dealer,Auto Dealer,vehicle_dealer
bank_or_credit_union,Bank Or Credit Union,financial_service
money_transfer_service,Money Transfer Service,financial_service
attorney_or_law_firm,Attorney Or Law Firm,legal_service
mexican_restaurant,Mexican Restaurant,latin_american_restaurant
massage_therapy,Massage Therapy,wellness_service
coffee_shop,Coffee Shop,non_alcoholic_beverage_venue
financial_service,Financial Service,services_and_business
barber,Barber,personal_or_beauty_service
farm,Farm,agricultural_service
hotel,Hotel,lodging
chiropractic,Chiropractic,complementary_and_alternative_medicine
geographic_entities,Geographic Entities,
liquor_store,Liquor Store,food_and_beverage_store
party_and_event_planning,Party And Event Planning,event_or_party_service
home_health_care,Home Health Care,medical_service
elementary_school,Elementary School,school
outpatient_care_facility,Outpatient Care Facility,health_care
religious_organization,Religious Organization,cultural_and_historic
mobile_phone_store,Mobile Phone Store,electronics_store
auto_parts_store,Auto Parts Store,vehicle_parts_store
physical_therapy,Physical Therapy,physical_medicine_and_rehabilitation
bar,Bar,alcoholic_beverage_venue
jewelry_store,Jewelry Store,fashion_and_apparel_store
lake,Lake,water_feature
landscaping,Landscaping,home_service
flowers_and_gifts_store,Flowers And Gifts Store,specialty_store
home_service,Home Service,services_and_business
bakery,Bakery,casual_eatery
furniture_store,Furniture Store,hardware_home_and_garden_store
sandwich_shop,Sandwich Shop,casual_eatery
american_restaurant,American Restaurant,north_american_restaurant
charity_organization,Charity Organization,civic_organization
building_supply_store,Building Supply Store,hardware_home_and_garden_store
italian_restaurant,Italian Restaurant,mediterranean_restaurant
building_or_construction_service,Building Or Construction Service,services_and_business
hvac_service,Hvac Service,home_service
pharmacy,Pharmacy,pharmacy_and_drug_store
travel_service,Travel Service,travel_and_transportation
hospital,Hospital,health_care
womens_clothing_store,Womens Clothing Store,clothing_store
printing_service,Printing Service,services_and_business
community_and_government,Community And Government,
mountain,Mountain,land_feature
trusts,Trusts,financial_service
martial_arts_club,Martial Arts Club,sport_or_recreation_club
property_management,Property Management,real_estate_service
college_university,College University,place_of_learning
retirement_home,Retirement Home,senior_living_facility
cafe,Cafe,casual_eatery
self_storage_facility,Self Storage Facility,storage_facility
discount_store,Discount Store,shopping
optometry,Optometry,vision_or_eye_care_clinic
chinese_restaurant,Chinese Restaurant,east_asian_restaurant
lodging,Lodging,
general_dentistry,General Dentistry,dental_clinic
mortgage_broker,Mortgage Broker,financial_service
art_gallery,Art Gallery,arts_and_crafts_space
arts_and_entertainment,Arts And Entertainment,
preschool,Preschool,school
sports_and_recreation,Sports And Recreation,
tattoo_and_piercing,Tattoo And Piercing,body_modification
obstetrics_and_gynecology,Obstetrics And Gynecology,reproductive_perinatal_and_womens_care
home_cleaning,Home Cleaning,home_service
school,School,place_of_learning
propane_supplier,Propane Supplier,supplier_or_distributor
ice_cream_shop,Ice Cream Shop,dessert_shop
public_health_clinic,Public Health Clinic,primary_care_or_general_clinic
veterinarian,Veterinarian,veterinary_care
corporate_or_business_office,Corporate Or Business Office,services_and_business
naturopathic_medicine,Naturopathic Medicine,complementary_and_alternative_medicine
software_development,Software Development,technical_service
auto_body_shop,Auto Body Shop,automotive_service
casino,Casino,gaming_venue
marketing_agency,Marketing Agency,professional_service
roofing,Roofing,ceiling_and_roofing_repair_and_service
electrician,Electrician,home_service
industrial_equipment_manufacturer,Industrial Equipment Manufacturer,machinery_and_tool_manufacturer
it_service_and_computer_repair,It Service And Computer Repair,technical_service
dance_studio,Dance Studio,sport_or_fitness_facility
accountant,Accountant,financial_service
plumbing,Plumbing,home_service
electronics_store,Electronics Store,specialty_store
advertising_agency,Advertising Agency,professional_service
medical_spa,Medical Spa,spa
car_wash,Car Wash,automotive_service
shoe_store,Shoe Store,fashion_and_apparel_store
fire_station,Fire Station,public_safety_service
civic_organization,Civic Organization,community_and_government
pet_store,Pet Store,animal_and_pet_store
hardware_store,Hardware Store,hardware_home_and_garden_store
financial_advising,Financial Advising,financial_service
day_care_preschool,Day Care Preschool,child_care_and_day_care
used_auto_dealer,Used Auto Dealer,auto_dealer
pet_groomer,Pet Groomer,pet_care_service
delicatessen,Delicatessen,casual_eatery
behavioral_or_mental_health_clinic,Behavioral Or Mental Health Clinic,outpatient_care_facility
second_hand_store,Second Hand Store,shopping
sporting_goods_store,Sporting Goods Store,specialty_store
beach,Beach,land_feature
music_venue,Music Venue,performing_arts_venue
burger_restaurant,Burger Restaurant,meat_restaurant
cardiology,Cardiology,cardiovascular_and_vascular_medicine
pediatric_clinic,Pediatric Clinic,outpatient_care_facility
tobacco_shop,Tobacco Shop,food_and_beverage_store
bar_and_grill_restaurant,Bar And Grill Restaurant,restaurant
auto_detailing,Auto Detailing,automotive_service
library,Library,education
home_improvement_store,Home Improvement Store,hardware_home_and_garden_store
gift_shop,Gift Shop,flowers_and_gifts_store
key_and_locksmith,Key And Locksmith,home_service
manufacturer,Manufacturer,b2b_service
mortgage_lender,Mortgage Lender,installment_loans
post_office,Post Office,shipping_or_delivery_service
tire_dealer_and_repair,Tire Dealer And Repair,automotive_repair
shopping_mall,Shopping Mall,shopping
personal_injury_law,Personal Injury Law,attorney_or_law_firm
truck_rental_service,Truck Rental Service,vehicle_rental_service
employment_agency,Employment Agency,professional_service
courier_and_delivery_service,Courier And Delivery Service,shipping_or_delivery_service
nursery_and_gardening_store,Nursery And Gardening Store,hardware_home_and_garden_store
antique_store,Antique Store,second_hand_store
seafood_restaurant,Seafood Restaurant,restaurant
skin_care_and_makeup,Skin Care And Makeup,personal_or_beauty_service
travel_and_transportation,Travel And Transportation,
auto_insurance,Auto Insurance,insurance_agency
shipping_center,Shipping Center,shipping_or_delivery_service
yoga_studio,Yoga Studio,fitness_studio
information_technology_company,Information Technology Company,corporate_or_business_office
storage_facility,Storage Facility,services_and_business
donut_shop,Donut Shop,dessert_shop
funeral_service,Funeral Service,family_service
fitness_trainer,Fitness Trainer,sport_or_fitness_facility
internal_medicine,Internal Medicine,specialized_health_care
hiking_trail,Hiking Trail,recreational_trail_or_path
interior_design,Interior Design,home_service
family_practice,Family Practice,primary_care_or_general_clinic
bank,Bank,bank_or_credit_union
education,Education,
freight_and_cargo_service,Freight And Cargo Service,b2b_transportation_and_storage_service
painting,Painting,home_service
psychology,Psychology,psychiatry_or_psychology_service
automotive_service,Automotive Service,vehicle_service
beauty_supply_store,Beauty Supply Store,personal_care_and_beauty_store
high_school,High School,school
metal_fabricator,Metal Fabricator,manufacturer
b2b_business_management_service,B2b Business Management Service,b2b_office_and_professional_service
laundromat,Laundromat,laundry_service
arts_crafts_and_hobby_store,Arts Crafts And Hobby Store,specialty_store
event_photography_service,Event Photography Service,photography_service
nursing,Nursing,specialized_health_care
roman_catholic_place_of_worship,Roman Catholic Place Of Worship,christian_place_of_worship
sport_or_fitness_facility,Sport Or Fitness Facility,sports_and_recreation
car_rental_service,Car Rental Service,vehicle_rental_service
fashion_boutique,Fashion Boutique,fashion_and_apparel_store
carpet_store,Carpet Store,hardware_home_and_garden_store
neurology,Neurology,specialized_health_care
department_store,Department Store,shopping
garbage_collection_service,Garbage Collection Service,public_utility
smoothie_juice_bar,Smoothie Juice Bar,non_alcoholic_beverage_venue
farmers_market,Farmers Market,market
surgery,Surgery,specialized_medical_facility
laboratory_testing,Laboratory Testing,diagnostics_imaging_or_lab_service
rental_service,Rental Service,services_and_business
baptist_place_of_worship,Baptist Place Of Worship,protestant_place_of_worship
breakfast_and_brunch_restaurant,Breakfast And Brunch Restaurant,restaurant
parking,Parking,travel_and_transportation
towing_service,Towing Service,automotive_service
tree_service,Tree Service,landscaping
day_spa,Day Spa,spa
apartment,Apartment,housing_or_property_service
campground,Campground,lodging
sports_bar,Sports Bar,bar
pest_control_service,Pest Control Service,home_service
youth_organization,Youth Organization,social_or_community_service
animal_or_pet_service,Animal Or Pet Service,lifestyle_services
sushi_restaurant,Sushi Restaurant,japanese_restaurant
engineering_service,Engineering Service,building_or_construction_service
b2b_service,B2b Service,services_and_business
barbecue_restaurant,Barbecue Restaurant,meat_restaurant
rental_kiosk,Rental Kiosk,rental_service
appliance_store,Appliance Store,hardware_home_and_garden_store
vitamin_and_supplement_store,Vitamin And Supplement Store,food_and_beverage_store
orthopedics,Orthopedics,musculoskeletal_medicine
dry_cleaning,Dry Cleaning,laundry_service
florist,Florist,flowers_and_gifts_store
police_station,Police Station,public_safety_service
caterer,Caterer,event_or_party_service
tax_service,Tax Service,financial_service
lounge,Lounge,alcoholic_beverage_venue
japanese_restaurant,Japanese Restaurant,east_asian_restaurant
psychotherapy,Psychotherapy,psychiatry_or_psychology_service
pub,Pub,bar
river,River,water_feature
skate_park,Skate Park,sport_or_fitness_facility
psychiatry,Psychiatry,psychiatry_or_psychology_service
community_center,Community Center,social_or_community_service
chicken_restaurant,Chicken Restaurant,meat_restaurant
package_locker,Package Locker,storage_facility
middle_school,Middle School,school
steakhouse,Steakhouse,meat_restaurant
diner,Diner,casual_eatery
podiatry,Podiatry,musculoskeletal_medicine
eyewear_store,Eyewear Store,fashion_and_apparel_store
credit_union,Credit Union,bank_or_credit_union
thai_restaurant,Thai Restaurant,southeast_asian_restaurant
orthodontics,Orthodontics,dental_clinic
dermatology,Dermatology,medical_skin_care
mens_clothing_store,Mens Clothing Store,clothing_store
food_truck_stand,Food Truck Stand,casual_eatery
fashion_accessories_store,Fashion Accessories Store,fashion_and_apparel_store
smoke_and_vape_store,Smoke And Vape Store,specialty_store
weight_loss_center,Weight Loss Center,wellness_service
tutoring_service,Tutoring Service,educational_service
bookstore,Bookstore,books_music_and_video_store
museum,Museum,arts_and_entertainment
travel_agent,Travel Agent,travel_service
golf_course,Golf Course,sport_or_fitness_facility
tire_shop,Tire Shop,automotive_service
brewery,Brewery,alcoholic_beverage_venue
installment_loans,Installment Loans,financial_service
safety_equipment_store,Safety Equipment Store,specialty_store
home_developer,Home Developer,builder
pediatric_dentistry,Pediatric Dentistry,dental_clinic
web_designer,Web Designer,design_service
acupuncture,Acupuncture,complementary_and_alternative_medicine
masonry_concrete,Masonry Concrete,home_service
gastroenterology,Gastroenterology,specialized_health_care
medical_supply_store,Medical Supply Store,specialty_store
builder,Builder,real_estate_service
motel,Motel,hotel
swimming_pool,Swimming Pool,sport_or_fitness_facility
warehouse_club_store,Warehouse Club Store,shopping
cocktail_bar,Cocktail Bar,bar
home_goods_store,Home Goods Store,hardware_home_and_garden_store
driving_school,Driving School,specialty_school
gun_and_ammo_store,Gun And Ammo Store,specialty_store
legal_service,Legal Service,services_and_business
music_school,Music School,specialty_school
sign_making,Sign Making,design_service
countertop_installation,Countertop Installation,home_service
limo_service,Limo Service,taxi_or_ride_share_service
theatre_venue,Theatre Venue,performing_arts_venue
bail_bonds_service,Bail Bonds Service,legal_service
history_museum,History Museum,museum
machine_shop,Machine Shop,technical_service
private_school,Private School,school
tanning_salon,Tanning Salon,personal_or_beauty_service
campus_building,Campus Building,educational_facility
divorce_and_family_law,Divorce And Family Law,attorney_or_law_firm
airport,Airport,air_transport_facility_or_service
auto_customization,Auto Customization,automotive_service
event_venue,Event Venue,arts_and_entertainment
toy_store,Toy Store,toys_and_games_store
dessert_shop,Dessert Shop,casual_eatery
broadcasting_media_production,Broadcasting Media Production,media_news_company
performing_arts_venue,Performing Arts Venue,arts_and_entertainment
pilates_studio,Pilates Studio,fitness_studio
nutrition_service,Nutrition Service,wellness_service
fire_protection_service,Fire Protection Service,home_service
commercial_real_estate,Commercial Real Estate,real_estate_service
party_supply_store,Party Supply Store,specialty_store
t_shirt_printing_service,T Shirt Printing Service,screen_printing_service
equestrian_facility,Equestrian Facility,horse_riding
music_production,Music Production,media_news_company
amusement_park,Amusement Park,amusement_attraction
medical_service_organization,Medical Service Organization,medical_service
telecommunications_company,Telecommunications Company,corporate_or_business_office
office_supply_store,Office Supply Store,specialty_store
architectural_designer,Architectural Designer,design_service
dance_club,Dance Club,nightlife_venue
criminal_defense_law,Criminal Defense Law,attorney_or_law_firm
musical_instrument_store,Musical Instrument Store,musical_instrument_and_pro_audio_store
senior_citizen_service,Senior Citizen Service,social_or_community_service
ev_charging_station,Ev Charging Station,fueling_station
gardener,Gardener,landscaping
social_and_human_service,Social And Human Service,social_or_community_service
oncology,Oncology,internal_medicine
garage_door_service,Garage Door Service,home_service
pool_cleaning,Pool Cleaning,home_service
carpenter,Carpenter,home_service
tour_operator,Tour Operator,travel_service
town_hall,Town Hall,government_office
hair_supply_store,Hair Supply Store,beauty_supply_store
specialty_school,Specialty School,place_of_learning
auto_glass_service,Auto Glass Service,automotive_service
marina,Marina,built_feature
movie_theater,Movie Theater,arts_and_entertainment
indian_restaurant,Indian Restaurant,south_asian_restaurant
plastic_and_reconstructive_surgery,Plastic And Reconstructive Surgery,surgery
video_and_video_game_rental,Video And Video Game Rental,books_music_and_video_store
waxing,Waxing,hair_removal
taco_restaurant,Taco Restaurant,latin_american_restaurant
resort,Resort,lodging
investing,Investing,financial_service
pentecostal_place_of_worship,Pentecostal Place Of Worship,protestant_place_of_worship
vocational_and_technical_school,Vocational And Technical School,specialty_school
childrens_clothing_store,Childrens Clothing Store,clothing_store
diagnostic_imaging,Diagnostic Imaging,diagnostics_imaging_or_lab_service
graphic_designer,Graphic Designer,design_service
specialized_health_care,Specialized Health Care,outpatient_care_facility
animal_shelter,Animal Shelter,animal_adoption_or_rescue
bike_store,Bike Store,sporting_goods_store
car_window_tinting,Car Window Tinting,auto_glass_service
motorcycle_dealer,Motorcycle Dealer,vehicle_dealer
life_coach,Life Coach,personal_or_beauty_service
makeup_artist,Makeup Artist,skin_care_and_makeup
urology,Urology,specialized_health_care
oral_and_maxillofacial_surgery,Oral And Maxillofacial Surgery,surgery
specialty_foods_store,Specialty Foods Store,food_and_beverage_store
business_consulting,Business Consulting,professional_service
baseball_field,Baseball Field,sport_field
vision_or_eye_care_clinic,Vision Or Eye Care Clinic,outpatient_care_facility
nature_reserve,Nature Reserve,land_feature
radiology,Radiology,diagnostics_imaging_or_lab_service
bridal_shop,Bridal Shop,clothing_store
mattress_store,Mattress Store,hardware_home_and_garden_store
asian_restaurant,Asian Restaurant,restaurant
candy_store,Candy Store,casual_eatery
commercial_industrial,Commercial Industrial,b2b_service
courthouse,Courthouse,government_office
ophthalmology,Ophthalmology,vision_or_eye_care_clinic
hair_stylist,Hair Stylist,hair_salon
health_food_store,Health Food Store,food_and_beverage_store
labor_union,Labor Union,civic_organization
video_game_store,Video Game Store,books_music_and_video_store
food_and_beverage_store,Food And Beverage Store,shopping
check_cashing_payday_loans,Check Cashing Payday Loans,financial_service
bed_and_breakfast,Bed And Breakfast,lodging
fence_and_gate_sales_service,Fence And Gate Sales Service,home_service
art_school,Art School,specialty_school
asian_fusion_restaurant,Asian Fusion Restaurant,international_fusion_restaurant
food_delivery_service,Food Delivery Service,food_service
arcade,Arcade,gaming_venue
paving_contractor,Paving Contractor,contractor
pawn_shop,Pawn Shop,second_hand_store
radio_station,Radio Station,media_news_company
tattoo,Tattoo,tattoo_and_piercing
b2b_advertising_and_marketing_service,B2b Advertising And Marketing Service,b2b_office_and_professional_service
mediterranean_restaurant,Mediterranean Restaurant,european_restaurant
hobby_shop,Hobby Shop,arts_crafts_and_hobby_store
surgery_center,Surgery Center,surgery
shooting_range,Shooting Range,sport_or_fitness_facility
lighting_store,Lighting Store,hardware_home_and_garden_store
auction_house,Auction House,specialty_store
latin_american_restaurant,Latin American Restaurant,restaurant
notary_public,Notary Public,legal_service
oil_change_station,Oil Change Station,automotive_service
drugstore,Drugstore,pharmacy_and_drug_store
excavation_service,Excavation Service,home_service
mobile_home_park,Mobile Home Park,housing_or_property_service
monument,Monument,memorial_site
educational_service,Educational Service,education
damage_restoration,Damage Restoration,home_service
butcher_shop,Butcher Shop,food_and_beverage_store
holiday_rental_home,Holiday Rental Home,private_lodging
sewing_and_alterations,Sewing And Alterations,home_service
abuse_and_addiction_treatment_center,Abuse And Addiction Treatment Center,specialized_medical_facility
carpet_cleaning,Carpet Cleaning,home_service
cosmetic_dentistry,Cosmetic Dentistry,dental_clinic
pet_boarding,Pet Boarding,pet_care_service
appliance_repair_service,Appliance Repair Service,home_service
environmental_conservation_organization,Environmental Conservation Organization,environmental_or_ecological_service
marriage_or_relationship_counseling,Marriage Or Relationship Counseling,counseling
outdoor_store,Outdoor Store,sporting_goods_store
pain_management,Pain Management,specialized_health_care
bagel_shop,Bagel Shop,casual_eatery
cosmetics_and_fragrance_store,Cosmetics And Fragrance Store,beauty_supply_store
flooring_store,Flooring Store,hardware_home_and_garden_store
home_inspector,Home Inspector,home_service
publisher,Publisher,media_news_company
truck_repair,Truck Repair,automotive_service
public_school,Public School,school
b2b_energy_and_utility_service,B2b Energy And Utility Service,b2b_service
stadium_arena,Stadium Arena,arts_and_entertainment
train_station,Train Station,rail_facility_or_service
furniture_assembly,Furniture Assembly,home_service
camera_and_photography_store,Camera And Photography Store,electronics_store
dialysis_clinic,Dialysis Clinic,specialized_medical_facility
personal_or_beauty_service,Personal Or Beauty Service,lifestyle_services
wellness_service,Wellness Service,lifestyle_services
bubble_tea_shop,Bubble Tea Shop,non_alcoholic_beverage_venue
home_decor_store,Home Decor Store,hardware_home_and_garden_store
hearing_aid_store,Hearing Aid Store,medical_supply_store
pulmonology,Pulmonology,specialized_health_care
military_site,Military Site,community_and_government
playground,Playground,park
reproductive_perinatal_and_womens_care,Reproductive Perinatal And Womens Care,outpatient_care_facility
fashion_and_apparel_store,Fashion And Apparel Store,shopping
second_hand_clothing_store,Second Hand Clothing Store,second_hand_store
hospice,Hospice,medical_service
janitorial_service,Janitorial Service,cleaning_service
race_track,Race Track,sport_or_fitness_facility
recycling_center,Recycling Center,home_service
rv_park,Rv Park,lodging
audiology,Audiology,ear_nose_and_throat
chemical_plant,Chemical Plant,b2b_industrial_and_machine_service
disability_services_and_support_organization,Disability Services And Support Organization,social_or_community_service
handyman,Handyman,home_service
bridge,Bridge,built_feature
dog_trainer,Dog Trainer,pet_training
endocrinology,Endocrinology,specialized_health_care
national_park,National Park,park
vietnamese_restaurant,Vietnamese Restaurant,southeast_asian_restaurant
b2b_marketing_consultant,B2b Marketing Consultant,b2b_advertising_and_marketing_service
boat_dealer,Boat Dealer,vehicle_dealer
child_care_and_day_care,Child Care And Day Care,family_service
condominium,Condominium,housing_or_property_service
fire_and_water_damage_restoration,Fire And Water Damage Restoration,damage_restoration
private_association,Private Association,corporate_or_business_office
speech_therapy,Speech Therapy,physical_medicine_and_rehabilitation
glass_and_mirror_sales_service,Glass And Mirror Sales Service,home_service
ambulance_or_ems_service,Ambulance Or Ems Service,emergency_or_urgent_care_facility
flooring_contractor,Flooring Contractor,contractor
buffet_restaurant,Buffet Restaurant,restaurant
chicken_wings_restaurant,Chicken Wings Restaurant,meat_restaurant
metal_supplier,Metal Supplier,supplier_or_distributor
rehabilitation_center,Rehabilitation Center,physical_medicine_and_rehabilitation
gymnastics_center,Gymnastics Center,sport_or_fitness_facility
assisted_living_facility,Assisted Living Facility,senior_living_facility
bankruptcy_law,Bankruptcy Law,attorney_or_law_firm
department_of_motor_vehicles,Department Of Motor Vehicles,government_department
hunting_and_fishing_store,Hunting And Fishing Store,sporting_goods_store
septic_service,Septic Service,public_utility
lodge,Lodge,lodging
recreational_vehicle_dealer,Recreational Vehicle Dealer,vehicle_dealer
korean_restaurant,Korean Restaurant,east_asian_restaurant
psychic_advising,Psychic Advising,spiritual_advising
water_utility_provider,Water Utility Provider,public_utility
computer_store,Computer Store,electronics_store
lingerie_store,Lingerie Store,clothing_store
beer_wine_spirits_store,Beer Wine Spirits Store,food_and_beverage_store
cannabis_clinic,Cannabis Clinic,medical_cannabis
complementary_and_alternative_medicine,Complementary And Alternative Medicine,outpatient_care_facility
housing_authority,Housing Authority,social_or_community_service
dog_park,Dog Park,park
outlet_store,Outlet Store,specialty_store
health_coaching,Health Coaching,wellness_service
jewish_place_of_worship,Jewish Place Of Worship,place_of_worship
laboratory,Laboratory,technical_service
tennis_court,Tennis Court,sport_court
sports_medicine,Sports Medicine,specialized_health_care
urgent_care_clinic,Urgent Care Clinic,emergency_or_urgent_care_facility
wedding_planning,Wedding Planning,event_or_party_service
mobile_phone_accessory_store,Mobile Phone Accessory Store,electronics_store
pet_breeder,Pet Breeder,animal_or_pet_service
medical_research_institute,Medical Research Institute,research_institute
gastropub,Gastropub,casual_eatery
bowling_alley,Bowling Alley,sport_or_fitness_facility
emergency_department,Emergency Department,emergency_or_urgent_care_facility
frozen_yogurt_shop,Frozen Yogurt Shop,dessert_shop
motorcycle_repair,Motorcycle Repair,motorcycle_service
music_and_dvd_store,Music And Dvd Store,books_music_and_video_store
clothing_rental,Clothing Rental,rental_service
hardware_home_and_garden_store,Hardware Home And Garden Store,specialty_store
sportswear_store,Sportswear Store,sporting_goods_store
adult_entertainment_venue,Adult Entertainment Venue,nightlife_venue
eyelash_service,Eyelash Service,personal_or_beauty_service
caribbean_restaurant,Caribbean Restaurant,latin_american_restaurant
lumber_store,Lumber Store,building_supply_store
fabric_store,Fabric Store,arts_crafts_and_hobby_store
wine_bar,Wine Bar,bar
energy_company,Energy Company,corporate_or_business_office
t_shirt_store,T Shirt Store,clothing_store
airline,Airline,air_transport_facility_or_service
life_insurance,Life Insurance,insurance_agency
hair_removal,Hair Removal,personal_or_beauty_service
hot_dog_restaurant,Hot Dog Restaurant,meat_restaurant
telecommunications_service,Telecommunications Service,services_and_business
boat_service,Boat Service,vehicle_service
paint_store,Paint Store,hardware_home_and_garden_store
winery,Winery,alcoholic_beverage_venue
fairgrounds,Fairgrounds,festival_venue
food_bank,Food Bank,social_or_community_service
immigration_law,Immigration Law,attorney_or_law_firm
land_surveying,Land Surveying,real_estate_service
occupational_therapy,Occupational Therapy,physical_medicine_and_rehabilitation
addiction_rehabilitation_center,Addiction Rehabilitation Center,rehabilitation_center
political_organization,Political Organization,civic_organization
theatrical_production,Theatrical Production,media_service
cleaning_service,Cleaning Service,professional_service
ear_nose_and_throat,Ear Nose And Throat,specialized_health_care
home_security,Home Security,home_service
pet_sitting,Pet Sitting,pet_care_service
cannabis_dispensary,Cannabis Dispensary,smoke_and_vape_store
internet_marketing_service,Internet Marketing Service,professional_service
kitchen_and_bath_store,Kitchen And Bath Store,hardware_home_and_garden_store
architect,Architect,design_service
electrical_supply_store,Electrical Supply Store,hardware_home_and_garden_store
tax_office,Tax Office,government_office
taxi_service,Taxi Service,taxi_or_ride_share_service
b2b_water_treatment_service,B2b Water Treatment Service,b2b_environmental_service
endodontics,Endodontics,dental_clinic
mover,Mover,home_service
agricultural_service,Agricultural Service,services_and_business
appraisal_service,Appraisal Service,financial_service
greek_restaurant,Greek Restaurant,mediterranean_restaurant
jamaican_restaurant,Jamaican Restaurant,caribbean_restaurant
gutter_service,Gutter Service,home_service
hair_extensions,Hair Extensions,hair_replacement
auto_restoration_service,Auto Restoration Service,automotive_service
hot_tub_and_pool_store,Hot Tub And Pool Store,hardware_home_and_garden_store
print_media,Print Media,media_service
bus_station,Bus Station,public_transit_facility_or_service
comic_books_store,Comic Books Store,bookstore
laundry_service,Laundry Service,services_and_business
windows_installation,Windows Installation,home_service
electric_utility_provider,Electric Utility Provider,public_utility
granite_supplier,Granite Supplier,supplier_or_distributor
audio_visual_equipment_store,Audio Visual Equipment Store,electronics_store
infectious_disease,Infectious Disease,internal_medicine
lawn_service,Lawn Service,landscaping
uniform_store,Uniform Store,clothing_store
b2b_oil_and_gas,B2b Oil And Gas,b2b_energy_and_utility_service
boot_camp,Boot Camp,fitness_studio
nephrology,Nephrology,specialized_health_care
soccer_field,Soccer Field,sport_field
allergy_and_immunology,Allergy And Immunology,internal_medicine
sport_or_recreation_club,Sport Or Recreation Club,sports_and_recreation
tea_room,Tea Room,non_alcoholic_beverage_venue
window_treatment_store,Window Treatment Store,hardware_home_and_garden_store
beauty_product_supplier,Beauty Product Supplier,supplier_or_distributor
car_stereo_store,Car Stereo Store,electronics_store
produce_store,Produce Store,specialty_foods_store
truck_dealer,Truck Dealer,vehicle_dealer
emissions_inspection,Emissions Inspection,automotive_service
internet_service_provider,Internet Service Provider,technical_service
e_commerce_service,E Commerce Service,professional_service
costume_store,Costume Store,arts_crafts_and_hobby_store
trophy_store,Trophy Store,specialty_store
chocolatier,Chocolatier,candy_store
food_beverage_distributor,Food Beverage Distributor,supplier_or_distributor
french_restaurant,French Restaurant,western_european_restaurant
hookah_bar,Hookah Bar,bar
office_cleaning,Office Cleaning,cleaning_service
wills_trusts_and_probate,Wills Trusts And Probate,attorney_or_law_firm
language_school,Language School,specialty_school
rheumatology,Rheumatology,internal_medicine
public_transit_facility_or_service,Public Transit Facility Or Service,ground_transport_facility_or_service
chimney_sweep,Chimney Sweep,chimney_service
cosmetology_school,Cosmetology School,specialty_school
food_and_drink,Food And Drink,
inn,Inn,lodging
livestock_breeder,Livestock Breeder,b2b_agriculture_service
public_utility,Public Utility,community_and_government
festival_venue,Festival Venue,arts_and_entertainment
health_and_wellness_club,Health And Wellness Club,wellness_service
media_news_company,Media News Company,media_service
peruvian_restaurant,Peruvian Restaurant,south_american_restaurant
solar_installation,Solar Installation,home_service
anesthesiology,Anesthesiology,pain_management
embroidery_and_crochet_store,Embroidery And Crochet Store,craft_store
emergency_or_urgent_care_facility,Emergency Or Urgent Care Facility,health_care
homeless_shelter,Homeless Shelter,social_or_community_service
media_agency,Media Agency,media_news_company
passport_and_visa_service,Passport And Visa Service,travel_service
bathroom_remodeling,Bathroom Remodeling,home_service
boxing_class,Boxing Class,sport_or_fitness_facility
brake_service_and_repair,Brake Service And Repair,automotive_repair
currency_exchange,Currency Exchange,financial_service
health_spa,Health Spa,spa
poke_restaurant,Poke Restaurant,hawaiian_restaurant
windshield_installation_and_repair,Windshield Installation And Repair,auto_glass_service
fishing_charter,Fishing Charter,fishing
flight_school,Flight School,specialty_school
jail_or_prison,Jail Or Prison,public_safety_service
private_investigation,Private Investigation,legal_service
theme_restaurant,Theme Restaurant,restaurant
threading_service,Threading Service,hair_removal
family_counseling,Family Counseling,counseling
mobile_phone_repair,Mobile Phone Repair,it_service_and_computer_repair
real_estate_investment,Real Estate Investment,financial_service
b2b_surgical_appliances_and_supplies,B2b Surgical Appliances And Supplies,b2b_medical_support_service
coworking_space,Coworking Space,professional_service
transmission_repair,Transmission Repair,automotive_repair
anglican_or_episcopal_place_of_worship,Anglican Or Episcopal Place Of Worship,protestant_place_of_worship
swimming_instructor,Swimming Instructor,swimming_pool
cabinet_sales_service,Cabinet Sales Service,home_service
salad_bar,Salad Bar,restaurant
animal_rescue_service,Animal Rescue Service,animal_adoption_or_rescue
business_law,Business Law,attorney_or_law_firm
kitchen_supply_store,Kitchen Supply Store,kitchen_and_bath_store
meditation_center,Meditation Center,wellness_service
hawaiian_restaurant,Hawaiian Restaurant,polynesian_restaurant
hematology,Hematology,oncology
linen_store,Linen Store,hardware_home_and_garden_store
prosthetics,Prosthetics,physical_medicine_and_rehabilitation
tiling,Tiling,home_service
medical_billing,Medical Billing,medical_service
sightseeing_tour_agency,Sightseeing Tour Agency,tour_operator
wholesaler,Wholesaler,b2b_service
educational_research_institute,Educational Research Institute,research_institute
jewelry_and_watches_manufacturer,Jewelry And Watches Manufacturer,manufacturer
periodontics,Periodontics,dental_clinic
pool_and_hot_tub_service,Pool And Hot Tub Service,home_service
session_photography_service,Session Photography Service,photography_service
escape_room,Escape Room,gaming_venue
health_food_restaurant,Health Food Restaurant,special_diet_restaurant
security_systems,Security Systems,home_service
automation_service,Automation Service,b2b_industrial_and_machine_service
comedy_club,Comedy Club,performing_arts_venue
religious_school,Religious School,school
wildlife_sanctuary,Wildlife Sanctuary,animal_attraction
educational_camp,Educational Camp,educational_facility
horse_boarding,Horse Boarding,equine_service
non_governmental_association,Non Governmental Association,civic_organization
packing_supply_store,Packing Supply Store,office_supply_store
plastic_manufacturer,Plastic Manufacturer,manufacturer
flea_market,Flea Market,second_hand_store
health_insurance_office,Health Insurance Office,medical_service
trailer_dealer,Trailer Dealer,vehicle_dealer
horseback_riding_service,Horseback Riding Service,sport_or_fitness_facility
prenatal_and_perinatal_care,Prenatal And Perinatal Care,reproductive_perinatal_and_womens_care
bottled_water_company,Bottled Water Company,corporate_or_business_office
cultural_center,Cultural Center,cultural_and_historic
junkyard,Junkyard,second_hand_store
motorsports_store,Motorsports Store,vehicle_parts_store
dj_service,Dj Service,event_or_party_service
filipino_restaurant,Filipino Restaurant,southeast_asian_restaurant
irish_pub,Irish Pub,pub
dairy_farm,Dairy Farm,farm
electronic_equipment_supplier,Electronic Equipment Supplier,supplier_or_distributor
laser_hair_removal,Laser Hair Removal,hair_removal
masonry_contractor,Masonry Contractor,building_or_construction_service
shoe_repair,Shoe Repair,personal_or_beauty_service
veterans_organization,Veterans Organization,social_club
computer_hardware_company,Computer Hardware Company,technical_service
industrial_company,Industrial Company,corporate_or_business_office
muslim_place_of_worship,Muslim Place Of Worship,place_of_worship
ramen_restaurant,Ramen Restaurant,asian_restaurant
amateur_sport_league,Amateur Sport League,sport_league
art_museum,Art Museum,museum
protestant_place_of_worship,Protestant Place Of Worship,christian_place_of_worship
social_club,Social Club,arts_and_entertainment
golf_instructor,Golf Instructor,sport_or_fitness_facility
hair_replacement,Hair Replacement,personal_or_beauty_service
plastics_company,Plastics Company,corporate_or_business_office
test_preparation,Test Preparation,educational_service
texmex_restaurant,Texmex Restaurant,latin_american_restaurant
supplier_or_distributor,Supplier Or Distributor,b2b_service
walk_in_clinic,Walk In Clinic,emergency_or_urgent_care_facility
credit_and_debt_counseling,Credit And Debt Counseling,financial_service
estate_planning_law,Estate Planning Law,attorney_or_law_firm
health_market,Health Market,market
public_plaza,Public Plaza,public_facility
southern_american_restaurant,Southern American Restaurant,american_restaurant
b2b_mining,B2b Mining,b2b_energy_and_utility_service
designer_clothing,Designer Clothing,clothing_store
fertility_clinic,Fertility Clinic,specialized_medical_facility
party_equipment_rental,Party Equipment Rental,event_or_party_service
sunglasses_store,Sunglasses Store,eyewear_store
christmas_tree_store,Christmas Tree Store,hardware_home_and_garden_store
midwifery,Midwifery,reproductive_perinatal_and_womens_care
pressure_washing,Pressure Washing,home_service
beer_bar,Beer Bar,bar
tapas_bar,Tapas Bar,casual_eatery
vehicle_shipping,Vehicle Shipping,shipping_or_delivery_service
agriculture,Agriculture,b2b_agriculture_service
airport_shuttle,Airport Shuttle,air_transport_facility_or_service
airport_terminal,Airport Terminal,airport
battery_store,Battery Store,electronics_store
employment_law,Employment Law,attorney_or_law_firm
event_technology_service,Event Technology Service,event_or_party_service
pan_asian_restaurant,Pan Asian Restaurant,international_fusion_restaurant
permanent_makeup,Permanent Makeup,skin_care_and_makeup
photography_service,Photography Service,media_service
reiki,Reiki,complementary_and_alternative_medicine
vegan_restaurant,Vegan Restaurant,special_diet_restaurant
well_drilling,Well Drilling,home_service
altering_and_remodeling_contractor,Altering And Remodeling Contractor,contractor
distillery,Distillery,alcoholic_beverage_venue
health_department,Health Department,government_department
pharmaceutical_company,Pharmaceutical Company,corporate_or_business_office
public_relations,Public Relations,professional_service
vending_machine_supplier,Vending Machine Supplier,supplier_or_distributor
warehouse,Warehouse,b2b_storage
welding_supply_store,Welding Supply Store,hardware_store
blood_and_plasma_donation_center,Blood And Plasma Donation Center,medical_service
cupcake_shop,Cupcake Shop,dessert_shop
fishmonger,Fishmonger,food_and_beverage_store
machine_and_tool_rental,Machine And Tool Rental,rental_service
mobile_home_dealer,Mobile Home Dealer,real_estate_service
brazilian_restaurant,Brazilian Restaurant,south_american_restaurant
soul_food,Soul Food,restaurant
biotechnology_company,Biotechnology Company,corporate_or_business_office
cajun_and_creole_restaurant,Cajun And Creole Restaurant,american_restaurant
dive_bar,Dive Bar,bar
media_service,Media Service,services_and_business
pizza_delivery_service,Pizza Delivery Service,food_delivery_service
cards_and_stationery_store,Cards And Stationery Store,specialty_store
ice_skating_rink,Ice Skating Rink,skating_rink
landscape_architect,Landscape Architect,landscaping
luggage_store,Luggage Store,fashion_and_apparel_store
salvadoran_restaurant,Salvadoran Restaurant,central_american_restaurant
ski_resort,Ski Resort,resort
superstore,Superstore,shopping
alcohol_and_drug_treatment_center,Alcohol And Drug Treatment Center,abuse_and_addiction_treatment_center
environmental_or_ecological_service,Environmental Or Ecological Service,services_and_business
golf_cart_dealer,Golf Cart Dealer,vehicle_dealer
hat_store,Hat Store,fashion_accessories_store
career_counseling,Career Counseling,professional_service
cosmetic_surgery,Cosmetic Surgery,plastic_and_reconstructive_surgery
distribution_service,Distribution Service,freight_and_cargo_service
firearm_training,Firearm Training,specialty_school
hypnotherapy,Hypnotherapy,psychotherapy
middle_eastern_restaurant,Middle Eastern Restaurant,restaurant
restaurant_equipment_and_supply,Restaurant Equipment And Supply,supplier_or_distributor
sleep_medicine,Sleep Medicine,pulmonology
souvenir_store,Souvenir Store,specialty_store
truck_gas_station,Truck Gas Station,gas_station
wig_store,Wig Store,beauty_supply_store
jehovahs_witness_place_of_worship,Jehovahs Witness Place Of Worship,restorationist_place_of_worship
kids_hair_salon,Kids Hair Salon,hair_salon
kids_recreation_and_party,Kids Recreation And Party,event_or_party_service
miniature_golf_course,Miniature Golf Course,sport_or_fitness_facility
organic_grocery_store,Organic Grocery Store,grocery_store
rock_climbing_spot,Rock Climbing Spot,adventure_sport
broker,Broker,financial_service
buddhist_place_of_worship,Buddhist Place Of Worship,place_of_worship
candle_store,Candle Store,hardware_home_and_garden_store
disc_golf_course,Disc Golf Course,sport_field
movie_television_studio,Movie Television Studio,media_news_company
videographer,Videographer,event_or_party_service
visitor_center,Visitor Center,travel_service
amateur_sport_team,Amateur Sport Team,sport_team
b2b_cleaning_and_waste_management,B2b Cleaning And Waste Management,b2b_environmental_service
b2b_science_and_technology_service,B2b Science And Technology Service,b2b_service
engine_repair_service,Engine Repair Service,automotive_repair
puerto_rican_restaurant,Puerto Rican Restaurant,caribbean_restaurant
security_service,Security Service,services_and_business
shaved_ice_shop,Shaved Ice Shop,dessert_shop
boat_parts_store,Boat Parts Store,vehicle_parts_store
halal_restaurant,Halal Restaurant,special_diet_restaurant
haunted_house,Haunted House,amusement_attraction
product_design,Product Design,design_service
recreation_vehicle_repair,Recreation Vehicle Repair,recreation_vehicle_service
vegetarian_restaurant,Vegetarian Restaurant,special_diet_restaurant
waterfall,Waterfall,water_feature
boat_rental_and_training,Boat Rental And Training,recreational_equipment_rental
cardiothoracic_surgery,Cardiothoracic Surgery,surgery
drywall_service,Drywall Service,home_service
beverage_supplier,Beverage Supplier,supplier_or_distributor
comfort_food_restaurant,Comfort Food Restaurant,restaurant
geriatric_medicine,Geriatric Medicine,specialized_health_care
golf_club,Golf Club,sport_or_recreation_club
karaoke_venue,Karaoke Venue,music_venue
metal_plating_service,Metal Plating Service,b2b_industrial_and_machine_service
powder_coating_service,Powder Coating Service,industrial_facility_or_service
spanish_restaurant,Spanish Restaurant,iberian_restaurant
fitness_exercise_store,Fitness Exercise Store,sporting_goods_store
forest,Forest,land_feature
pool_billiards,Pool Billiards,sport_or_fitness_facility
pop_up_store,Pop Up Store,specialty_store
research_institute,Research Institute,education
auto_upholstery,Auto Upholstery,automotive_service
cemetery,Cemetery,memorial_site
medical_school,Medical School,specialty_school
state_park,State Park,park
air_duct_cleaning_service,Air Duct Cleaning Service,home_service
baby_gear_and_nursery_store,Baby Gear And Nursery Store,fashion_and_apparel_store
batting_cage,Batting Cage,sport_or_fitness_facility
first_aid_class,First Aid Class,specialty_school
framing_store,Framing Store,arts_crafts_and_hobby_store
horse_riding,Horse Riding,sport_or_fitness_facility
milk_bar,Milk Bar,non_alcoholic_beverage_venue
mountain_bike_trail,Mountain Bike Trail,recreational_trail_or_path
vacation_rental_agent,Vacation Rental Agent,travel_service
watch_store,Watch Store,jewelry_store
b2b_clinical_lab,B2b Clinical Lab,b2b_medical_support_service
dancewear_store,Dancewear Store,sportswear_store
exhibition_and_trade_fair_venue,Exhibition And Trade Fair Venue,event_venue
fireplace_service,Fireplace Service,home_service
game_publisher,Game Publisher,media_news_company
insulation_installation,Insulation Installation,home_service
irrigation_service,Irrigation Service,home_service
luggage_storage,Luggage Storage,travel_service
maternity_center,Maternity Center,reproductive_perinatal_and_womens_care
temp_agency,Temp Agency,employment_agency
ticket_office_or_booth,Ticket Office Or Booth,arts_and_entertainment
auditorium,Auditorium,event_venue
computer_coaching,Computer Coaching,specialty_school
hvac_supplier,Hvac Supplier,supplier_or_distributor
newspaper_and_magazines_store,Newspaper And Magazines Store,books_music_and_video_store
patio_covers,Patio Covers,home_service
record_label,Record Label,media_service
ski_and_snowboard_store,Ski And Snowboard Store,sporting_goods_store
television_service_provider,Television Service Provider,home_service
textile_manufacturer,Textile Manufacturer,manufacturer
tile_store,Tile Store,hardware_home_and_garden_store
aquatic_pet_store,Aquatic Pet Store,pet_store
bike_rental,Bike Rental,recreational_equipment_rental
boxing_gym,Boxing Gym,sport_or_fitness_facility
clothing_company,Clothing Company,corporate_or_business_office
real_estate_law,Real Estate Law,attorney_or_law_firm
vehicle_dealer,Vehicle Dealer,shopping
canoe_and_kayak_hire_service,Canoe And Kayak Hire Service,recreational_equipment_rental
door_sales_service,Door Sales Service,home_service
kiosk,Kiosk,shopping
travel_company,Travel Company,corporate_or_business_office
urban_farm,Urban Farm,farm
after_school_program,After School Program,educational_service
aircraft_parts_and_supplies,Aircraft Parts And Supplies,air_transport_facility_or_service
auto_company,Auto Company,corporate_or_business_office
business_broker,Business Broker,broker
civil_engineer,Civil Engineer,building_or_construction_service
craft_store,Craft Store,arts_crafts_and_hobby_store
merchandising_service,Merchandising Service,professional_service
piercing,Piercing,tattoo_and_piercing
translating_and_interpreting_service,Translating And Interpreting Service,b2b_office_and_professional_service
boat_tour,Boat Tour,tour_operator
books_music_and_video_store,Books Music And Video Store,specialty_store
cooking_school,Cooking School,specialty_school
football_stadium,Football Stadium,stadium
gay_bar,Gay Bar,bar
herb_and_spice_store,Herb And Spice Store,food_and_beverage_store
nursing_school,Nursing School,specialty_school
shredding_service,Shredding Service,professional_service
swimwear_store,Swimwear Store,sporting_goods_store
dog_walker,Dog Walker,pet_care_service
ecuadorian_restaurant,Ecuadorian Restaurant,south_american_restaurant
fireworks_store,Fireworks Store,specialty_store
heliport,Heliport,airport
pathology,Pathology,diagnostics_imaging_or_lab_service
reflexology,Reflexology,complementary_and_alternative_medicine
school_district_office,School District Office,education_office
aircraft_service,Aircraft Service,vehicle_service
bookkeeper,Bookkeeper,professional_service
driving_range,Driving Range,golf_course
kitchen_remodeling,Kitchen Remodeling,home_service
leather_goods_store,Leather Goods Store,fashion_and_apparel_store
academic_bookstore,Academic Bookstore,bookstore
animal_hospital,Animal Hospital,veterinary_care
cottage,Cottage,lodging
custom_t_shirt_store,Custom T Shirt Store,t_shirt_store
environmental_testing_service,Environmental Testing Service,environmental_or_ecological_service
fraternal_organization,Fraternal Organization,social_club
junk_removal_and_hauling,Junk Removal And Hauling,home_service
karate_club,Karate Club,martial_arts_club
recording_and_rehearsal_studio,Recording And Rehearsal Studio,media_service
skate_store,Skate Store,sporting_goods_store
taxidermist,Taxidermist,technical_service
video_film_production,Video Film Production,media_service
wholesale_grocer,Wholesale Grocer,wholesaler
inspection_service,Inspection Service,building_or_construction_service
natural_gas_utility_provider,Natural Gas Utility Provider,public_utility
pediatric_cardiology,Pediatric Cardiology,pediatric_clinic
private_tutor,Private Tutor,tutoring_service
teeth_whitening,Teeth Whitening,personal_or_beauty_service
adult_education_center,Adult Education Center,place_of_learning
archery_range,Archery Range,shooting_range
car_inspection,Car Inspection,automotive_service
colombian_restaurant,Colombian Restaurant,south_american_restaurant
kickboxing_club,Kickboxing Club,martial_arts_club
audiovisual_equipment_rental,Audiovisual Equipment Rental,event_or_party_service
cuban_restaurant,Cuban Restaurant,caribbean_restaurant
forklift_dealer,Forklift Dealer,vehicle_dealer
horse_trainer,Horse Trainer,equine_service
political_party_office,Political Party Office,political_organization
railroad_freight,Railroad Freight,b2b_transportation_and_storage_service
structural_engineer,Structural Engineer,home_service
aquarium,Aquarium,animal_attraction
cancer_treatment_center,Cancer Treatment Center,specialized_medical_facility
cheese_shop,Cheese Shop,food_and_beverage_store
cpr_class,Cpr Class,specialty_school
occupational_safety,Occupational Safety,b2b_industrial_and_machine_service
refractive_surgery_or_lasik,Refractive Surgery Or Lasik,ophthalmology
strip_club,Strip Club,adult_entertainment_venue
art_restoration_service,Art Restoration Service,media_service
auto_security,Auto Security,automotive_service
child_psychiatry,Child Psychiatry,psychiatry
cycling_class,Cycling Class,sport_or_fitness_facility
international_grocery_store,International Grocery Store,grocery_store
pet_training,Pet Training,pet_care_service
pretzel_shop,Pretzel Shop,bakery
window_supplier,Window Supplier,supplier_or_distributor
zoo,Zoo,animal_attraction
atv_rental_tour,Atv Rental Tour,recreational_equipment_rental
auto_manufacturer,Auto Manufacturer,vehicle_manufacturer
b2b_records_storage_service,B2b Records Storage Service,b2b_office_and_professional_service
botanical_garden,Botanical Garden,garden
computer_wholesaler,Computer Wholesaler,wholesaler
elevator_service,Elevator Service,technical_service
sandblasting_service,Sandblasting Service,industrial_facility_or_service
scuba_diving_center,Scuba Diving Center,diving_center
service_apartment,Service Apartment,lodging
social_media_agency,Social Media Agency,professional_service
sugaring,Sugaring,hair_removal
water_park,Water Park,park
basketball_court,Basketball Court,sport_court
bingo_hall,Bingo Hall,gaming_venue
deck_and_railing_sales_service,Deck And Railing Sales Service,home_service
gelato_shop,Gelato Shop,dessert_shop
internet_cafe,Internet Cafe,cafe
lawn_mower_store,Lawn Mower Store,hardware_home_and_garden_store
meat_wholesaler,Meat Wholesaler,wholesaler
seafood_market,Seafood Market,food_and_beverage_store
soccer_club,Soccer Club,sport_or_recreation_club
surf_store,Surf Store,sporting_goods_store
window_washing,Window Washing,home_service
b2b_human_resource_service,B2b Human Resource Service,b2b_office_and_professional_service
cabin,Cabin,lodging
educational_supply_store,Educational Supply Store,specialty_store
hair_loss_center,Hair Loss Center,hair_replacement
hindu_place_of_worship,Hindu Place Of Worship,place_of_worship
occupational_medicine,Occupational Medicine,preventive_medicine
osteopathic_medicine,Osteopathic Medicine,specialized_health_care
pancake_house,Pancake House,breakfast_and_brunch_restaurant
spray_tanning,Spray Tanning,tanning_salon
writing_service,Writing Service,professional_service
african_restaurant,African Restaurant,restaurant
art_supply_store,Art Supply Store,arts_crafts_and_hobby_store
beer_garden,Beer Garden,alcoholic_beverage_venue
betting_center,Betting Center,gaming_venue
coffee_roastery,Coffee Roastery,coffee_shop
commercial_vehicle_dealer,Commercial Vehicle Dealer,vehicle_dealer
dim_sum_restaurant,Dim Sum Restaurant,chinese_restaurant
dominican_restaurant,Dominican Restaurant,caribbean_restaurant
forestry_service,Forestry Service,environmental_or_ecological_service
hot_springs,Hot Springs,water_feature
medical_law,Medical Law,attorney_or_law_firm
packing_service,Packing Service,home_service
poultry_farm,Poultry Farm,farm
professional_sport_team,Professional Sport Team,sport_team
rv_rental_service,Rv Rental Service,vehicle_rental_service
agricultural_cooperative,Agricultural Cooperative,b2b_agriculture_service
b2b_audio_visual_production,B2b Audio Visual Production,b2b_media_service
billing_service,Billing Service,professional_service
chambers_of_commerce,Chambers Of Commerce,government_office
community_health_center,Community Health Center,primary_care_or_general_clinic
crane_service,Crane Service,building_or_construction_service
escrow_service,Escrow Service,real_estate_service
food_court,Food Court,casual_eatery
home_theater_systems_stores,Home Theater Systems Stores,electronics_store
kosher_restaurant,Kosher Restaurant,special_diet_restaurant
motorcycle_parts_store,Motorcycle Parts Store,vehicle_parts_store
outdoor_furniture_store,Outdoor Furniture Store,hardware_home_and_garden_store
pet_adoption,Pet Adoption,animal_adoption_or_rescue
tax_law,Tax Law,attorney_or_law_firm
water_purification_service,Water Purification Service,home_service
cheesesteak_restaurant,Cheesesteak Restaurant,meat_restaurant
cigar_bar,Cigar Bar,bar
country_club,Country Club,social_club
dumpster_rental,Dumpster Rental,rental_service
ethiopian_restaurant,Ethiopian Restaurant,east_african_restaurant
golf_equipment_store,Golf Equipment Store,sporting_goods_store
maternity_wear,Maternity Wear,clothing_store
paintball,Paintball,sport_or_fitness_facility
piano_service,Piano Service,musical_instrument_service
prosthodontics,Prosthodontics,dental_clinic
tattoo_removal,Tattoo Removal,medical_skin_care
asian_grocery_store,Asian Grocery Store,grocery_store
auto_broker,Auto Broker,auto_dealer
circus_venue,Circus Venue,amusement_attraction
electronics_repair_shop,Electronics Repair Shop,technical_service
fencing_club,Fencing Club,sport_or_recreation_club
halfway_house,Halfway House,housing_or_property_service
home_automation,Home Automation,home_service
media_news_website,Media News Website,media_service
motorcycle_rental_service,Motorcycle Rental Service,vehicle_rental_service
neuropathology,Neuropathology,neurology
process_server,Process Server,legal_service
talent_agency,Talent Agency,professional_service
wedding_chapel,Wedding Chapel,event_or_party_service
b2b_telemarketing_service,B2b Telemarketing Service,b2b_advertising_and_marketing_service
bike_repair_maintenance,Bike Repair Maintenance,technical_service
collection_agency,Collection Agency,financial_service
demolition_service,Demolition Service,home_service
drive_in_theater,Drive In Theater,movie_theater
formal_wear_store,Formal Wear Store,clothing_store
historical_tour,Historical Tour,tour_operator
home_staging,Home Staging,real_estate_service
hydraulic_equipment_supplier,Hydraulic Equipment Supplier,supplier_or_distributor
magician,Magician,event_or_party_service
religious_and_spiritual_goods_store,Religious And Spiritual Goods Store,specialty_store
roadside_assistance,Roadside Assistance,vehicle_service
sculpture_statue,Sculpture Statue,arts_and_crafts_space
soup_restaurant,Soup Restaurant,restaurant
adoption_service,Adoption Service,family_service
auto_electrical_repair,Auto Electrical Repair,automotive_repair
auto_loan_provider,Auto Loan Provider,installment_loans
building_contractor,Building Contractor,contractor
childrens_museum,Childrens Museum,museum
fish_and_chips_restaurant,Fish And Chips Restaurant,seafood_restaurant
general_litigation,General Litigation,attorney_or_law_firm
it_consultant,It Consultant,it_service_and_computer_repair
portuguese_restaurant,Portuguese Restaurant,iberian_restaurant
rug_store,Rug Store,hardware_home_and_garden_store
shades_and_blinds,Shades And Blinds,home_service
sports_school,Sports School,specialty_school
trailer_rental_service,Trailer Rental Service,vehicle_rental_service
aircraft_dealer,Aircraft Dealer,vehicle_dealer
aromatherapy,Aromatherapy,complementary_and_alternative_medicine
b2b_promotional_products_and_services,B2b Promotional Products And Services,b2b_advertising_and_marketing_service
business_school,Business School,college_university
car_auction,Car Auction,auction_house
custom_cakes_shop,Custom Cakes Shop,patisserie_cake_shop
customized_merchandise_store,Customized Merchandise Store,specialty_store
eyebrow_service,Eyebrow Service,personal_or_beauty_service
glass_blowing_venue,Glass Blowing Venue,arts_and_crafts_space
home_organization,Home Organization,real_estate_service
hotel_bar,Hotel Bar,bar
pet_hospice,Pet Hospice,veterinary_care
place_of_worship,Place Of Worship,cultural_and_historic
proctology,Proctology,gastroenterology
public_fountain,Public Fountain,public_facility
roller_skating_rink,Roller Skating Rink,skating_rink
science_museum,Science Museum,museum
scooter_rental,Scooter Rental,recreational_equipment_rental
sky_diving,Sky Diving,sport_or_fitness_facility
welder,Welder,building_or_construction_service
appliance_manufacturer,Appliance Manufacturer,manufacturer
b2b_signage_service,B2b Signage Service,b2b_advertising_and_marketing_service
b2b_transportation_and_storage_service,B2b Transportation And Storage Service,b2b_service
body_contouring,Body Contouring,medical_skin_care
carpet_installation,Carpet Installation,home_service
crisis_intervention_service,Crisis Intervention Service,behavioral_or_crisis_service
disability_law,Disability Law,attorney_or_law_firm
emergency_roadside_service,Emergency Roadside Service,automotive_service
european_restaurant,European Restaurant,restaurant
farming_service,Farming Service,b2b_farming
go_kart_club,Go Kart Club,sport_or_recreation_club
observatory,Observatory,science_attraction
personal_chef,Personal Chef,event_or_party_service
petting_zoo,Petting Zoo,zoo
refinishing_service,Refinishing Service,home_service
reptile_store,Reptile Store,pet_store
rodeo,Rodeo,rural_attraction
turkish_restaurant,Turkish Restaurant,middle_eastern_restaurant
airport_lounge,Airport Lounge,lounge
band_orchestra_symphony,Band Orchestra Symphony,music_venue
bartender,Bartender,event_or_party_service
bistro,Bistro,casual_eatery
cafeteria,Cafeteria,restaurant
commercial_refrigeration,Commercial Refrigeration,technical_service
guatemalan_restaurant,Guatemalan Restaurant,central_american_restaurant
hydroponic_gardening_store,Hydroponic Gardening Store,nursery_and_gardening_store
laser_tag,Laser Tag,sport_or_fitness_facility
orthotics,Orthotics,physical_medicine_and_rehabilitation
pool_hall,Pool Hall,pool_billiards
sailing_club,Sailing Club,sport_or_recreation_club
siding,Siding,home_service
tailor,Tailor,sewing_and_alterations
telephone_service,Telephone Service,technical_service
vinyl_record_store,Vinyl Record Store,books_music_and_video_store
volunteer_association,Volunteer Association,social_or_community_service
adult_store,Adult Store,specialty_store
aircraft_manufacturer,Aircraft Manufacturer,vehicle_manufacturer
astrological_advising,Astrological Advising,spiritual_advising
b2b_radio_and_television_commercials,B2b Radio And Television Commercials,b2b_advertising_and_marketing_service
bartending_school,Bartending School,specialty_school
baseball_stadium,Baseball Stadium,stadium
dental_supply_store,Dental Supply Store,medical_supply_store
embassy,Embassy,government_office
fish_farm,Fish Farm,fish_farm_hatchery
immigration_and_naturalization_office,Immigration And Naturalization Office,government_office
jazz_and_blues_venue,Jazz And Blues Venue,music_venue
lebanese_restaurant,Lebanese Restaurant,middle_eastern_restaurant
musician,Musician,event_or_party_service
payroll_service,Payroll Service,professional_service
polish_restaurant,Polish Restaurant,central_european_restaurant
vehicle_wrap,Vehicle Wrap,automotive_service
venezuelan_restaurant,Venezuelan Restaurant,south_american_restaurant
woodworking_supply_store,Woodworking Supply Store,hardware_home_and_garden_store
automobile_registration_service,Automobile Registration Service,automotive_service
b2b_executive_search_consultants,B2b Executive Search Consultants,b2b_business_management_service
business_financing,Business Financing,financial_service
community_museum,Community Museum,history_museum
cremation_service,Cremation Service,funeral_service
farm_equipment_and_supply,Farm Equipment And Supply,b2b_farming
fishing_club,Fishing Club,sport_or_recreation_club
gemstone_and_mineral_store,Gemstone And Mineral Store,specialty_store
gold_buyer,Gold Buyer,financial_service
guitar_store,Guitar Store,musical_instrument_store
knitting_supply_store,Knitting Supply Store,craft_store
lighthouse,Lighthouse,historic_site
logging_service,Logging Service,b2b_environmental_service
pier,Pier,built_feature
popcorn_shop,Popcorn Shop,casual_eatery
self_defense_class,Self Defense Class,sport_or_fitness_facility
student_union,Student Union,campus_building
tiki_bar,Tiki Bar,bar
acai_bowls,Acai Bowls,special_diet_restaurant
argentine_restaurant,Argentine Restaurant,south_american_restaurant
auto_leasing,Auto Leasing,auto_dealer
b2b_food_products,B2b Food Products,b2b_agriculture_service
bus_tour,Bus Tour,tour_operator
chimney_service,Chimney Service,home_service
dui_law,Dui Law,attorney_or_law_firm
farming_equipment_store,Farming Equipment Store,farming_equipment_and_supply_store
ferry_boat_company,Ferry Boat Company,corporate_or_business_office
fingerprinting_service,Fingerprinting Service,security_service
foster_care_service,Foster Care Service,social_or_community_service
mediator,Mediator,legal_service
opera_and_ballet,Opera And Ballet,music_venue
pediatric_pulmonology,Pediatric Pulmonology,pediatric_clinic
planetarium,Planetarium,science_attraction
professional_sport_league,Professional Sport League,sport_league
sikh_place_of_worship,Sikh Place Of Worship,place_of_worship
speakeasy,Speakeasy,bar
squash_court,Squash Court,sport_court
taiwanese_restaurant,Taiwanese Restaurant,east_asian_restaurant
web_hosting_service,Web Hosting Service,internet_service_provider
boating_place,Boating Place,water_sport
car_stereo_installation,Car Stereo Installation,automotive_service
cave,Cave,land_feature
choir,Choir,music_venue
college_counseling,College Counseling,educational_service
court_reporter,Court Reporter,legal_service
doner_kebab_restaurant,Doner Kebab Restaurant,turkish_restaurant
gluten_free_restaurant,Gluten Free Restaurant,special_diet_restaurant
home_and_rental_insurance,Home And Rental Insurance,insurance_agency
imported_food_store,Imported Food Store,food_and_beverage_store
mailbox_center,Mailbox Center,shipping_or_delivery_service
nanny_service,Nanny Service,family_service
paint_and_sip_venue,Paint And Sip Venue,arts_and_crafts_space
pasta_store,Pasta Store,specialty_foods_store
patent_law,Patent Law,legal_service
pet_cemetery_and_crematorium_service,Pet Cemetery And Crematorium Service,animal_or_pet_service
social_security_service,Social Security Service,government_office
track_stadium,Track Stadium,stadium
trailer_repair,Trailer Repair,automotive_repair
waterproofing,Waterproofing,home_service
animation_studio,Animation Studio,media_news_company
archery_store,Archery Store,sporting_goods_store
awning_supplier,Awning Supplier,supplier_or_distributor
b2b_environmental_service,B2b Environmental Service,b2b_service
beach_resort,Beach Resort,resort
behavior_analysis,Behavior Analysis,behavioral_or_crisis_service
blow_dry_blow_out_service,Blow Dry Blow Out Service,hair_salon
boat_charter,Boat Charter,event_or_party_service
childrens_hospital,Childrens Hospital,specialty_hospital
construction_management,Construction Management,building_or_construction_service
debt_relief_service,Debt Relief Service,financial_service
department_of_social_service,Department Of Social Service,government_department
dive_store,Dive Store,sporting_goods_store
furniture_repair,Furniture Repair,home_service
handbag_store,Handbag Store,fashion_accessories_store
iv_hydration,Iv Hydration,wellness_service
jet_skis_rental,Jet Skis Rental,recreational_equipment_rental
machinery_and_tool_manufacturer,Machinery And Tool Manufacturer,manufacturer
mobility_equipment_service,Mobility Equipment Service,family_service
pakistani_restaurant,Pakistani Restaurant,south_asian_restaurant
paralegal_service,Paralegal Service,attorney_or_law_firm
persian_restaurant,Persian Restaurant,middle_eastern_restaurant
photo_booth_rental,Photo Booth Rental,event_or_party_service
public_restroom,Public Restroom,public_facility
school_sport_team,School Sport Team,sport_team
street_art,Street Art,arts_and_crafts_space
television_station,Television Station,media_news_company
volleyball_club,Volleyball Club,sport_or_recreation_club
water_store,Water Store,food_and_beverage_store
adventure_sports_center,Adventure Sports Center,sport_or_fitness_facility
aesthetic_medicine,Aesthetic Medicine,medical_skin_care
automotive_storage_facility,Automotive Storage Facility,storage_facility
aviation_museum,Aviation Museum,museum
b2b_hospital_equipment_and_supplies,B2b Hospital Equipment And Supplies,b2b_medical_support_service
b2b_oil_and_gas_equipment,B2b Oil And Gas Equipment,b2b_oil_and_gas
balloon_service,Balloon Service,event_or_party_service
car_buyer,Car Buyer,automotive_service
castle,Castle,historic_site
charter_school,Charter School,school
commercial_printer,Commercial Printer,printing_service
dairy_store,Dairy Store,specialty_foods_store
dentistry_school,Dentistry School,medical_sciences_school
do_it_yourself_store,Do It Yourself Store,hardware_home_and_garden_store
ems_training,Ems Training,medical_service
esthetician,Esthetician,skin_care_and_makeup
exhaust_and_muffler_repair,Exhaust And Muffler Repair,automotive_repair
frozen_foods_store,Frozen Foods Store,specialty_foods_store
haitian_restaurant,Haitian Restaurant,caribbean_restaurant
hockey_field,Hockey Field,sport_field
homeowner_association,Homeowner Association,real_estate_service
hot_air_balloons_tour,Hot Air Balloons Tour,tour_operator
indoor_playcenter,Indoor Playcenter,sport_or_fitness_facility
lottery_vendor,Lottery Vendor,gaming_venue
massage_school,Massage School,specialty_school
media_restoration_service,Media Restoration Service,media_service
medical_transportation,Medical Transportation,medical_service
montessori_school,Montessori School,school
motorsport_vehicle_dealer,Motorsport Vehicle Dealer,vehicle_dealer
pediatric_oncology,Pediatric Oncology,pediatric_clinic
piano_store,Piano Store,musical_instrument_store
rubber_and_plastics_manufacturer,Rubber And Plastics Manufacturer,manufacturer
rv_storage_facility,Rv Storage Facility,storage_facility
shared_office_space,Shared Office Space,real_estate_service
skating_rink,Skating Rink,sport_or_fitness_facility
social_media_company,Social Media Company,media_news_company
spiritual_advising,Spiritual Advising,arts_and_entertainment
tobacco_company,Tobacco Company,corporate_or_business_office
truck_parts_and_accessories,Truck Parts And Accessories,truck_and_industrial_vehicle_services
used_bookstore,Used Bookstore,bookstore
wheel_and_rim_repair,Wheel And Rim Repair,automotive_repair
apparel_manufacturer,Apparel Manufacturer,manufacturer
atv_recreation_park,Atv Recreation Park,sport_or_fitness_facility
bags_luggage_company,Bags Luggage Company,corporate_or_business_office
bedding_and_bath_store,Bedding And Bath Store,hardware_home_and_garden_store
book_magazine_distribution,Book Magazine Distribution,media_news_company
brewing_supply_store,Brewing Supply Store,food_and_beverage_store
british_restaurant,British Restaurant,western_european_restaurant
car_sharing,Car Sharing,taxi_or_ride_share_service
cardio_class,Cardio Class,sport_or_fitness_facility
cheerleading,Cheerleading,specialty_school
child_protection_service,Child Protection Service,social_or_community_service
cleaning_products_supplier,Cleaning Products Supplier,supplier_or_distributor
cooking_classes,Cooking Classes,arts_crafts_and_hobby_store
desert,Desert,land_feature
donation_center,Donation Center,home_service
electronic_parts_supplier,Electronic Parts Supplier,supplier_or_distributor
food_and_beverage_exporter,Food And Beverage Exporter,exporter
freight_forwarding_agency,Freight Forwarding Agency,freight_and_cargo_service
furniture_rental_service,Furniture Rental Service,home_service
german_restaurant,German Restaurant,central_european_restaurant
grout_service,Grout Service,home_service
hockey_equipment_store,Hockey Equipment Store,sporting_goods_store
holiday_decor_store,Holiday Decor Store,hardware_home_and_garden_store
home_window_tinting,Home Window Tinting,home_service
indoor_golf_center,Indoor Golf Center,golf_club
ip_and_internet_law,Ip And Internet Law,attorney_or_law_firm
livestock_feed_and_supply_store,Livestock Feed And Supply Store,animal_and_pet_store
malaysian_restaurant,Malaysian Restaurant,southeast_asian_restaurant
mobile_clinic,Mobile Clinic,primary_care_or_general_clinic
motorcycle_manufacturer,Motorcycle Manufacturer,vehicle_manufacturer
paddleboarding_center,Paddleboarding Center,sport_or_fitness_facility
paint_your_own_pottery_venue,Paint Your Own Pottery Venue,arts_and_crafts_space
paternity_testing,Paternity Testing,laboratory_testing
personal_shopper,Personal Shopper,shopping_service
private_jet_charter,Private Jet Charter,air_transport_facility_or_service
pumpkin_patch,Pumpkin Patch,rural_attraction
registry_office,Registry Office,government_office
stone_and_masonry,Stone And Masonry,building_or_construction_service
street_vendor,Street Vendor,market
taekwondo_club,Taekwondo Club,martial_arts_club
vascular_medicine,Vascular Medicine,cardiovascular_and_vascular_medicine
water_softening_equipment_supplier,Water Softening Equipment Supplier,supplier_or_distributor
wildlife_control,Wildlife Control,environmental_or_ecological_service
artificial_turf,Artificial Turf,home_service
automotive_consultant,Automotive Consultant,automotive_service
b2b_dental_lab,B2b Dental Lab,b2b_medical_support_service
b2b_industrial_and_machine_service,B2b Industrial And Machine Service,b2b_service
barre_class,Barre Class,fitness_studio
basque_restaurant,Basque Restaurant,spanish_restaurant
digitizing_service,Digitizing Service,media_service
drama_school,Drama School,specialty_school
emergency_pet_hospital,Emergency Pet Hospital,veterinary_care
engineering_school,Engineering School,college_university
engraving,Engraving,media_service
environmental_abatement_service,Environmental Abatement Service,environmental_or_ecological_service
exporter,Exporter,import_export_service
fondue_restaurant,Fondue Restaurant,casual_eatery
food_tour,Food Tour,tour_operator
foundation_repair,Foundation Repair,home_service
glass_manufacturer,Glass Manufacturer,manufacturer
hockey_arena,Hockey Arena,stadium
hostel,Hostel,lodging
island,Island,land_feature
lighting_fixtures_and_equipment,Lighting Fixtures And Equipment,home_service
marble_and_granite_professional,Marble And Granite Professional,building_or_construction_service
orthopedic_shoe_store,Orthopedic Shoe Store,shoe_store
pediatric_gastroenterology,Pediatric Gastroenterology,pediatric_clinic
pediatric_orthopedic_surgery,Pediatric Orthopedic Surgery,orthopedic_surgery
personal_assistant,Personal Assistant,home_service
rafting_kayaking_area,Rafting Kayaking Area,water_sport
surfing,Surfing,water_sport
agricultural_seed_store,Agricultural Seed Store,farming_equipment_and_supply_store
b2b_oil_and_gas_extraction,B2b Oil And Gas Extraction,b2b_oil_and_gas
board_of_education_office,Board Of Education Office,education_office
brazilian_jiu_jitsu_club,Brazilian Jiu Jitsu Club,martial_arts_club
childbirth_education,Childbirth Education,specialty_school
copywriting_service,Copywriting Service,professional_service
custom_clothing_store,Custom Clothing Store,clothing_store
doula_service,Doula Service,reproductive_perinatal_and_womens_care
drone_store,Drone Store,electronics_store
eating_disorder_treatment_center,Eating Disorder Treatment Center,specialized_medical_facility
fastener_supplier,Fastener Supplier,supplier_or_distributor
fertilizer_store,Fertilizer Store,farm_equipment_and_supply
furniture_accessory_store,Furniture Accessory Store,hardware_home_and_garden_store
go_kart_track,Go Kart Track,race_track
grilling_equipment_store,Grilling Equipment Store,hardware_home_and_garden_store
historic_mission,Historic Mission,historic_site
honduran_restaurant,Honduran Restaurant,central_american_restaurant
house_sitting,House Sitting,home_service
image_consultant,Image Consultant,personal_or_beauty_service
knife_sharpening,Knife Sharpening,home_service
mechanical_engineer,Mechanical Engineer,building_or_construction_service
mobile_dent_repair,Mobile Dent Repair,roadside_assistance
officiating_service,Officiating Service,event_or_party_service
pediatric_surgery,Pediatric Surgery,surgery
pipe_supplier,Pipe Supplier,supplier_or_distributor
preventive_medicine,Preventive Medicine,specialized_health_care
safe_store,Safe Store,specialty_store
sauna,Sauna,wellness_service
social_security_law,Social Security Law,attorney_or_law_firm
sports_museum,Sports Museum,museum
steel_fabricator,Steel Fabricator,metal_fabricator
team_building_activity,Team Building Activity,event_or_party_service
traffic_school,Traffic School,specialty_school
translation_service,Translation Service,professional_service
tv_mounting,Tv Mounting,home_service
whiskey_bar,Whiskey Bar,bar
3d_printing_service,3d Printing Service,printing_service
afghani_restaurant,Afghani Restaurant,central_asian_restaurant
b2b_secretarial_service,B2b Secretarial Service,b2b_business_management_service
bike_tour,Bike Tour,tour_operator
business_banking_service,Business Banking Service,financial_service
business_office_supplies_and_stationery,Business Office Supplies And Stationery,supplier_or_distributor
chinese_martial_arts_club,Chinese Martial Arts Club,martial_arts_club
concierge_medicine,Concierge Medicine,primary_care_or_general_clinic
eastern_european_restaurant,Eastern European Restaurant,european_restaurant
editorial_service,Editorial Service,professional_service
estate_liquidation,Estate Liquidation,real_estate_service
falafel_restaurant,Falafel Restaurant,middle_eastern_restaurant
fitness_equipment_wholesaler,Fitness Equipment Wholesaler,wholesaler
football_club,Football Club,sport_or_recreation_club
fort,Fort,historic_site
fur_clothing,Fur Clothing,clothing_store
furniture_manufacturer,Furniture Manufacturer,manufacturer
genealogist,Genealogist,family_service
geological_service,Geological Service,b2b_environmental_service
guest_house,Guest House,private_lodging
hotel_supply_service,Hotel Supply Service,supplier_or_distributor
import_export_service,Import Export Service,supplier_or_distributor
indonesian_restaurant,Indonesian Restaurant,southeast_asian_restaurant
israeli_restaurant,Israeli Restaurant,middle_eastern_restaurant
lactation_service,Lactation Service,reproductive_perinatal_and_womens_care
light_rail_and_subway_station,Light Rail And Subway Station,public_transit_facility_or_service
matchmaker,Matchmaker,personal_or_beauty_service
memorial_park,Memorial Park,memorial_site
mexican_grocery_store,Mexican Grocery Store,grocery_store
moroccan_restaurant,Moroccan Restaurant,north_african_restaurant
music_production_service,Music Production Service,media_service
otology,Otology,otolaryngology
parenting_class,Parenting Class,specialty_school
pediatric_neurology,Pediatric Neurology,pediatric_clinic
piano_bar,Piano Bar,bar
retina_services,Retina Services,ophthalmology
scooter_dealer,Scooter Dealer,vehicle_dealer
scuba_diving_instruction,Scuba Diving Instruction,diving_instruction
sex_therapy,Sex Therapy,counseling
social_welfare_center,Social Welfare Center,social_or_community_service
speech_training,Speech Training,specialty_school
spine_surgery,Spine Surgery,orthopedic_surgery
stock_and_bond_broker,Stock And Bond Broker,broker
stone_supplier,Stone Supplier,supplier_or_distributor
traditional_chinese_medicine,Traditional Chinese Medicine,complementary_and_alternative_medicine
truck_stop,Truck Stop,road_structures_and_service
virtual_reality_center,Virtual Reality Center,science_attraction
acoustical_consultant,Acoustical Consultant,technical_service
aluminum_supplier,Aluminum Supplier,supplier_or_distributor
archaeological_service,Archaeological Service,educational_service
axe_throwing,Axe Throwing,adventure_sport
bank_equipment_service,Bank Equipment Service,professional_service
ceiling_service,Ceiling Service,ceiling_and_roofing_repair_and_service
challenge_courses_center,Challenge Courses Center,adventure_sport
civic_center,Civic Center,civic_organization
club_crawl,Club Crawl,nightlife_venue
coffee_and_tea_supplies,Coffee And Tea Supplies,food_and_beverage_store
commissioned_artist,Commissioned Artist,media_service
cricket_ground,Cricket Ground,stadium
dinner_theater,Dinner Theater,theatre_venue
dumpling_restaurant,Dumpling Restaurant,restaurant
face_painting,Face Painting,event_or_party_service
farm_equipment_repair_service,Farm Equipment Repair Service,agricultural_service
food_consultant,Food Consultant,food_service
furniture_reupholstery,Furniture Reupholstery,home_service
hybrid_car_repair,Hybrid Car Repair,automotive_repair
indian_grocery_store,Indian Grocery Store,grocery_store
inventory_control_service,Inventory Control Service,b2b_industrial_and_machine_service
laboratory_equipment_supplier,Laboratory Equipment Supplier,supplier_or_distributor
military_surplus_store,Military Surplus Store,tactical_supply_store
mongolian_restaurant,Mongolian Restaurant,east_asian_restaurant
park_and_ride,Park And Ride,parking
patisserie_cake_shop,Patisserie Cake Shop,food_and_beverage_store
pediatric_nephrology,Pediatric Nephrology,pediatric_clinic
printing_equipment_supplier,Printing Equipment Supplier,supplier_or_distributor
private_equity_firm,Private Equity Firm,financial_service
public_adjuster,Public Adjuster,financial_service
public_market,Public Market,market
real_estate_photography,Real Estate Photography,real_estate_service
restaurant_wholesale,Restaurant Wholesale,wholesaler
ride_share_service,Ride Share Service,taxi_or_ride_share_service
russian_restaurant,Russian Restaurant,eastern_european_restaurant
rv_parts_store,Rv Parts Store,vehicle_parts_store
snow_removal_service,Snow Removal Service,home_service
sport_equipment_rental,Sport Equipment Rental,recreational_equipment_rental
tai_chi_studio,Tai Chi Studio,fitness_studio
tractor_dealer,Tractor Dealer,truck_and_industrial_vehicle_services
walking_tour,Walking Tour,tour_operator
wallpaper_store,Wallpaper Store,hardware_home_and_garden_store
wildlife_hunting_range,Wildlife Hunting Range,sport_or_fitness_facility
abortion_clinic,Abortion Clinic,specialized_medical_facility
aerial_fitness_center,Aerial Fitness Center,fitness_studio
ayurveda,Ayurveda,complementary_and_alternative_medicine
b2b_direct_mail_advertising,B2b Direct Mail Advertising,b2b_advertising_and_marketing_service
balloon_port,Balloon Port,airport
basketball_stadium,Basketball Stadium,stadium
bathtub_and_sink_repair,Bathtub And Sink Repair,home_service
bike_sharing_location,Bike Sharing Location,bikes_and_bike_service
bird_store,Bird Store,pet_store
boat_and_ship_manufacturer,Boat And Ship Manufacturer,vehicle_manufacturer
boat_storage_facility,Boat Storage Facility,storage_facility
boudoir_photography_service,Boudoir Photography Service,photography_service
bounce_house_rental,Bounce House Rental,event_or_party_service
bus_ticket_agency,Bus Ticket Agency,public_transit_facility_or_service
cabaret,Cabaret,performing_arts_venue
certification_agency,Certification Agency,professional_service
coin_dealer,Coin Dealer,financial_service
contemporary_art_museum,Contemporary Art Museum,art_museum
dental_hygiene,Dental Hygiene,dental_clinic
diamond_dealer,Diamond Dealer,jewelry_store
diving_center,Diving Center,sport_or_fitness_facility
duplication_service,Duplication Service,printing_service
energy_management_service,Energy Management Service,b2b_energy_and_utility_service
esports_league,Esports League,sport_league
ferry_service,Ferry Service,water_transport_facility_or_service
float_spa,Float Spa,spa
floral_designer,Floral Designer,event_or_party_service
food_and_beverage_consultant,Food And Beverage Consultant,professional_service
gay_and_lesbian_services_organization,Gay And Lesbian Services Organization,social_or_community_service
generator_installation_repair,Generator Installation Repair,technical_service
gerontology,Gerontology,genetics
gymnastics_club,Gymnastics Club,sport_or_recreation_club
hazardous_waste_disposal,Hazardous Waste Disposal,industrial_facility_or_service
home_network_installation,Home Network Installation,home_service
homeopathy,Homeopathy,complementary_and_alternative_medicine
lawn_mower_repair_service,Lawn Mower Repair Service,home_service
logging_contractor,Logging Contractor,b2b_environmental_service
medical_sciences_school,Medical Sciences School,college_university
modern_art_museum,Modern Art Museum,art_museum
nigerian_restaurant,Nigerian Restaurant,west_african_restaurant
oxygen_bar,Oxygen Bar,wellness_service
party_bus_rental,Party Bus Rental,event_or_party_service
pediatric_endocrinology,Pediatric Endocrinology,pediatric_clinic
pet_waste_removal,Pet Waste Removal,pet_care_service
plastic_injection_molding_service,Plastic Injection Molding Service,b2b_industrial_and_machine_service
pop_up_restaurant,Pop Up Restaurant,restaurant
psychoanalysis,Psychoanalysis,psychiatry_or_psychology_service
rest_stop,Rest Stop,road_structures_and_service
rock_climbing_gym,Rock Climbing Gym,sport_or_fitness_facility
sand_and_gravel_supplier,Sand And Gravel Supplier,supplier_or_distributor
seaplane_base,Seaplane Base,airport
shipping_collection_service,Shipping Collection Service,shipping_or_delivery_service
shoe_shining_service,Shoe Shining Service,personal_or_beauty_service
ski_and_snowboard_school,Ski And Snowboard School,sport_or_fitness_facility
skylight_installation,Skylight Installation,windows_installation
spring_supplier,Spring Supplier,supplier_or_distributor
tabletop_games_store,Tabletop Games Store,toys_and_games_store
town_car_service,Town Car Service,taxi_or_ride_share_service
train,Train,rail_facility_or_service
volleyball_court,Volleyball Court,sport_court
water_heater_installation_repair,Water Heater Installation Repair,home_service
weather_forecast_service,Weather Forecast Service,media_news_company
aerial_tour,Aerial Tour,tour_operator
aggregate_supplier,Aggregate Supplier,supplier_or_distributor
airline_ticket_agency,Airline Ticket Agency,air_transport_facility_or_service
aquarium_service,Aquarium Service,pet_care_service
armenian_restaurant,Armenian Restaurant,middle_eastern_restaurant
attraction_farm,Attraction Farm,rural_attraction
australian_restaurant,Australian Restaurant,pacific_rim_restaurant
automotive_wheel_polishing_service,Automotive Wheel Polishing Service,automotive_service
b2b_international_trade_service,B2b International Trade Service,b2b_office_and_professional_service
b2b_newspaper_advertising,B2b Newspaper Advertising,b2b_advertising_and_marketing_service
b2b_power_plants_and_power_plant_service,B2b Power Plants And Power Plant Service,b2b_energy_and_utility_service
b2b_scientific_equipment,B2b Scientific Equipment,b2b_science_and_technology_service
b2b_scientific_lab,B2b Scientific Lab,b2b_science_and_technology_service
badminton_court,Badminton Court,sport_court
bathroom_fixture_store,Bathroom Fixture Store,kitchen_and_bath_store
blueprinter,Blueprinter,building_or_construction_service
ceiling_and_roofing_repair_and_service,Ceiling And Roofing Repair And Service,home_service
cidery,Cidery,alcoholic_beverage_venue
coach_bus,Coach Bus,public_transit_facility_or_service
corporate_entertainment_service,Corporate Entertainment Service,media_service
crops_production,Crops Production,b2b_agriculture_service
cryotherapy,Cryotherapy,wellness_service
customs_broker,Customs Broker,financial_service
drinking_fountain,Drinking Fountain,public_fountain
duty_free_store,Duty Free Store,specialty_store
empanada_restaurant,Empanada Restaurant,latin_american_restaurant
furniture_wholesaler,Furniture Wholesaler,wholesaler
golf_cart_rental,Golf Cart Rental,event_or_party_service
greenhouse,Greenhouse,farm_equipment_and_supply
holding_company,Holding Company,financial_service
horse_racing_track,Horse Racing Track,race_track
hyperbaric_medicine,Hyperbaric Medicine,preventive_medicine
ice_supplier,Ice Supplier,supplier_or_distributor
importer,Importer,import_export_service
industrial_cleaning_service,Industrial Cleaning Service,cleaning_service
lighting_fixture_manufacturer,Lighting Fixture Manufacturer,manufacturer
makerspace,Makerspace,science_attraction
manufacturing_and_industrial_consultant,Manufacturing And Industrial Consultant,b2b_industrial_and_machine_service
medical_cannabis_referral,Medical Cannabis Referral,medical_cannabis
metro_station,Metro Station,public_transit_facility_or_service
muay_thai_club,Muay Thai Club,martial_arts_club
musical_instrument_service,Musical Instrument Service,media_service
nicaraguan_restaurant,Nicaraguan Restaurant,central_american_restaurant
night_market,Night Market,market
olive_oil_store,Olive Oil Store,food_and_beverage_store
pen_store,Pen Store,office_supply_store
pension_office,Pension Office,government_office
pet_transportation,Pet Transportation,pet_care_service
phlebology,Phlebology,cardiovascular_and_vascular_medicine
plus_size_clothing_store,Plus Size Clothing Store,clothing_store
polynesian_restaurant,Polynesian Restaurant,pacific_rim_restaurant
pool_and_billiards_store,Pool And Billiards Store,sporting_goods_store
ranch,Ranch,farm
road_contractor,Road Contractor,building_or_construction_service
romanian_restaurant,Romanian Restaurant,eastern_european_restaurant
rugby_pitch,Rugby Pitch,sport_field
sake_bar,Sake Bar,bar
salsa_club,Salsa Club,dance_club
self_catering_accommodation,Self Catering Accommodation,lodging
soccer_stadium,Soccer Stadium,stadium
sports_psychology,Sports Psychology,psychology
stucco_service,Stucco Service,home_service
tenant_and_eviction_law,Tenant And Eviction Law,legal_service
traditional_clothing,Traditional Clothing,clothing_store
traffic_ticketing_law,Traffic Ticketing Law,attorney_or_law_firm
trampoline_park,Trampoline Park,sport_or_fitness_facility
tui_na,Tui Na,traditional_chinese_medicine
ultrasound_imaging,Ultrasound Imaging,diagnostic_imaging
unemployment_office,Unemployment Office,government_office
watch_repair_service,Watch Repair Service,technical_service
weather_station,Weather Station,media_service
wholesale_florist,Wholesale Florist,wholesaler
wine_tour,Wine Tour,tour_operator
wine_wholesaler,Wine Wholesaler,wholesaler
acne_treatment,Acne Treatment,personal_or_beauty_service
agriculture_association,Agriculture Association,agricultural_service
airsoft_field,Airsoft Field,sport_field
american_football_field,American Football Field,sport_field
animal_assisted_therapy,Animal Assisted Therapy,physical_medicine_and_rehabilitation
antenna_service,Antenna Service,home_service
appellate_practice_lawyer,Appellate Practice Lawyer,attorney_or_law_firm
art_tour,Art Tour,tour_operator
avionics_shop,Avionics Shop,aircraft_parts_and_supplies
b2b_agriculture_service,B2b Agriculture Service,b2b_service
b2b_background_check_service,B2b Background Check Service,b2b_office_and_professional_service
b2b_equipment_maintenance_and_repair,B2b Equipment Maintenance And Repair,b2b_industrial_and_machine_service
b2b_medical_support_service,B2b Medical Support Service,b2b_service
b2b_quarry,B2b Quarry,b2b_mining
bar_crawl,Bar Crawl,nightlife_venue
bearing_supplier,Bearing Supplier,supplier_or_distributor
beer_tour,Beer Tour,tour_operator
bocce_ball_court,Bocce Ball Court,sport_court
bookbinding,Bookbinding,media_service
burmese_restaurant,Burmese Restaurant,southeast_asian_restaurant
canal,Canal,water_feature
cannabis_tour,Cannabis Tour,tour_operator
canyon,Canyon,land_feature
casting_molding_service,Casting Molding Service,b2b_industrial_and_machine_service
cement_supplier,Cement Supplier,supplier_or_distributor
circus_school,Circus School,specialty_school
civil_rights_lawyer,Civil Rights Lawyer,attorney_or_law_firm
civilization_museum,Civilization Museum,history_museum
clock_repair_service,Clock Repair Service,home_service
colonic_hydrotherapy,Colonic Hydrotherapy,wellness_service
community_garden,Community Garden,garden
cosmetic_products_manufacturer,Cosmetic Products Manufacturer,manufacturer
country_dance_hall,Country Dance Hall,rural_attraction
csa_farm,Csa Farm,food_and_beverage_store
diy_auto_shop,Diy Auto Shop,automotive_repair
drive_thru_bar,Drive Thru Bar,bar
egyptian_restaurant,Egyptian Restaurant,north_african_restaurant
electrical_wholesaler,Electrical Wholesaler,wholesaler
esports_team,Esports Team,sport_team
family_service_center,Family Service Center,family_service
feng_shui,Feng Shui,home_service
firewood,Firewood,home_service
flyboarding_center,Flyboarding Center,sport_or_fitness_facility
flyboarding_rental,Flyboarding Rental,sport_or_fitness_facility
foot_care,Foot Care,personal_or_beauty_service
fortune_telling,Fortune Telling,spiritual_advising
goldsmith,Goldsmith,jewelry_store
gunsmith,Gunsmith,gun_and_ammo_store
henna_artist,Henna Artist,event_or_party_service
holiday_decorating_service,Holiday Decorating Service,home_service
honey_farm_shop,Honey Farm Shop,food_and_beverage_store
hong_kong_style_cafe,Hong Kong Style Cafe,cafe
horse_equipment_shop,Horse Equipment Shop,animal_and_pet_store
housing_cooperative,Housing Cooperative,real_estate_service
hydraulic_repair_service,Hydraulic Repair Service,technical_service
hydro_jetting,Hydro Jetting,home_service
hydrotherapy,Hydrotherapy,wellness_service
indo_chinese_restaurant,Indo Chinese Restaurant,chinese_restaurant
indoor_landscaping,Indoor Landscaping,home_service
irish_restaurant,Irish Restaurant,western_european_restaurant
jewelry_manufacturer,Jewelry Manufacturer,manufacturer
jewelry_repair_service,Jewelry Repair Service,technical_service
kiteboarding,Kiteboarding,sport_or_fitness_facility
kombucha_bar,Kombucha Bar,non_alcoholic_beverage_venue
korean_grocery_store,Korean Grocery Store,grocery_store
laser_cutting_service,Laser Cutting Service,b2b_industrial_and_machine_service
law_school,Law School,college_university
lawn_bowling_club,Lawn Bowling Club,sport_or_recreation_club
live_and_raw_food_restaurant,Live And Raw Food Restaurant,special_diet_restaurant
mattress_manufacturing,Mattress Manufacturing,manufacturer
media_critic,Media Critic,media_service
metal_material_expert,Metal Material Expert,building_or_construction_service
mill,Mill,manufacturer
mobile_home_repair,Mobile Home Repair,home_service
motor_freight_trucking,Motor Freight Trucking,b2b_transportation_and_storage_service
music_critic,Music Critic,media_critic
music_festival_venue,Music Festival Venue,festival_venue
optical_wholesaler,Optical Wholesaler,wholesaler
orchard,Orchard,farm
paddleboard_rental,Paddleboard Rental,recreational_equipment_rental
palace,Palace,historic_site
panamanian_restaurant,Panamanian Restaurant,central_american_restaurant
paper_mill,Paper Mill,mill
party_character,Party Character,event_or_party_service
pharmaceutical_products_wholesaler,Pharmaceutical Products Wholesaler,wholesaler
photography_class,Photography Class,specialty_school
produce_wholesaler,Produce Wholesaler,wholesaler
qi_gong_studio,Qi Gong Studio,fitness_studio
racing_experience,Racing Experience,sport_or_fitness_facility
racquetball_court,Racquetball Court,sport_court
retaining_wall_supplier,Retaining Wall Supplier,supplier_or_distributor
rice_store,Rice Store,specialty_foods_store
road_structures_and_service,Road Structures And Service,ground_transport_facility_or_service
rowing_club,Rowing Club,sport_or_recreation_club
rugby_stadium,Rugby Stadium,stadium
sailing_area,Sailing Area,water_sport
scale_supplier,Scale Supplier,supplier_or_distributor
scooter_tour,Scooter Tour,tour_operator
senegalese_restaurant,Senegalese Restaurant,west_african_restaurant
solar_panel_cleaning,Solar Panel Cleaning,home_service
specialty_store,Specialty Store,shopping
sri_lankan_restaurant,Sri Lankan Restaurant,south_asian_restaurant
state_museum,State Museum,museum
surfing_school,Surfing School,sport_or_fitness_facility
syrian_restaurant,Syrian Restaurant,middle_eastern_restaurant
table_tennis_club,Table Tennis Club,sport_or_recreation_club
tableware_supplier,Tableware Supplier,supplier_or_distributor
tanning_bed,Tanning Bed,tanning_salon
tennis_stadium,Tennis Stadium,stadium
textile_museum,Textile Museum,art_museum
thread_supplier,Thread Supplier,supplier_or_distributor
threads_and_yarns_wholesaler,Threads And Yarns Wholesaler,wholesaler
tires_manufacturer,Tires Manufacturer,vehicle_parts_manufacturer
toxicology,Toxicology,preventive_medicine
transcription_service,Transcription Service,b2b_office_and_professional_service
ukrainian_restaurant,Ukrainian Restaurant,eastern_european_restaurant
university_housing,University Housing,housing_or_property_service
valet_service,Valet Service,event_or_party_service
vehicle_manufacturer,Vehicle Manufacturer,manufacturer
wine_tasting_class,Wine Tasting Class,tasting_class
wine_tasting_room,Wine Tasting Room,winery
workers_compensation_law,Workers Compensation Law,attorney_or_law_firm
ziplining_center,Ziplining Center,adventure_sport
adventure_sport,Adventure Sport,sport_or_fitness_facility
air_transport_facility_or_service,Air Transport Facility Or Service,travel_and_transportation
alcoholic_beverage_venue,Alcoholic Beverage Venue,food_and_drink
amusement_attraction,Amusement Attraction,arts_and_entertainment
animal_adoption_or_rescue,Animal Adoption Or Rescue,animal_or_pet_service
animal_and_pet_store,Animal And Pet Store,specialty_store
animal_attraction,Animal Attraction,arts_and_entertainment
arts_and_crafts_space,Arts And Crafts Space,arts_and_entertainment
b2b_farming,B2b Farming,b2b_agriculture_service
b2b_media_service,B2b Media Service,b2b_service
b2b_office_and_professional_service,B2b Office And Professional Service,b2b_service
b2b_storage,B2b Storage,b2b_transportation_and_storage_service
behavioral_or_crisis_service,Behavioral Or Crisis Service,behavioral_or_mental_health_clinic
bikes_and_bike_service,Bikes And Bike Service,ground_transport_facility_or_service
body_modification,Body Modification,personal_or_beauty_service
built_feature,Built Feature,geographic_entities
cardiovascular_and_vascular_medicine,Cardiovascular And Vascular Medicine,specialized_health_care
casual_eatery,Casual Eatery,food_and_drink
central_american_restaurant,Central American Restaurant,latin_american_restaurant
central_asian_restaurant,Central Asian Restaurant,asian_restaurant
central_european_restaurant,Central European Restaurant,european_restaurant
class_venue,Class Venue,place_of_learning
counseling,Counseling,behavioral_or_mental_health_clinic
cultural_and_historic,Cultural And Historic,
design_service,Design Service,services_and_business
diagnostics_imaging_or_lab_service,Diagnostics Imaging Or Lab Service,outpatient_care_facility
diving_instruction,Diving Instruction,sport_or_fitness_facility
east_african_restaurant,East African Restaurant,african_restaurant
east_asian_restaurant,East Asian Restaurant,asian_restaurant
education_office,Education Office,education
educational_facility,Educational Facility,education
equine_service,Equine Service,animal_or_pet_service
event_or_party_service,Event Or Party Service,services_and_business
family_service,Family Service,services_and_business
farming_equipment_and_supply_store,Farming Equipment And Supply Store,specialty_store
fish_farm_hatchery,Fish Farm Hatchery,b2b_agriculture_service
fishing,Fishing,water_sport
fitness_studio,Fitness Studio,sport_or_fitness_facility
food_service,Food Service,lifestyle_services
fueling_station,Fueling Station,travel_and_transportation
gaming_venue,Gaming Venue,arts_and_entertainment
garden,Garden,built_feature
genetics,Genetics,specialized_health_care
government_department,Government Department,government_office
ground_transport_facility_or_service,Ground Transport Facility Or Service,travel_and_transportation
housing_or_property_service,Housing Or Property Service,services_and_business
iberian_restaurant,Iberian Restaurant,european_restaurant
industrial_facility_or_service,Industrial Facility Or Service,services_and_business
international_fusion_restaurant,International Fusion Restaurant,restaurant
land_feature,Land Feature,geographic_entities
lifestyle_services,Lifestyle Services,
market,Market,shopping
meat_restaurant,Meat Restaurant,restaurant
medical_cannabis,Medical Cannabis,medical_service
medical_service,Medical Service,health_care
medical_skin_care,Medical Skin Care,specialized_health_care
memorial_site,Memorial Site,cultural_and_historic
motorcycle_service,Motorcycle Service,vehicle_service
musculoskeletal_medicine,Musculoskeletal Medicine,specialized_health_care
musical_instrument_and_pro_audio_store,Musical Instrument And Pro Audio Store,specialty_store
nightlife_venue,Nightlife Venue,arts_and_entertainment
non_alcoholic_beverage_venue,Non Alcoholic Beverage Venue,food_and_drink
north_african_restaurant,North African Restaurant,african_restaurant
north_american_restaurant,North American Restaurant,restaurant
orthopedic_surgery,Orthopedic Surgery,surgery
otolaryngology,Otolaryngology,ear_nose_and_throat
pacific_rim_restaurant,Pacific Rim Restaurant,restaurant
personal_care_and_beauty_store,Personal Care And Beauty Store,specialty_store
pet_care_service,Pet Care Service,animal_or_pet_service
pharmacy_and_drug_store,Pharmacy And Drug Store,specialty_store
physical_medicine_and_rehabilitation,Physical Medicine And Rehabilitation,outpatient_care_facility
place_of_learning,Place Of Learning,education
primary_care_or_general_clinic,Primary Care Or General Clinic,outpatient_care_facility
private_lodging,Private Lodging,lodging
psychiatry_or_psychology_service,Psychiatry Or Psychology Service,behavioral_or_mental_health_clinic
public_facility,Public Facility,community_and_government
public_safety_service,Public Safety Service,community_and_government
rail_facility_or_service,Rail Facility Or Service,ground_transport_facility_or_service
recreation_vehicle_service,Recreation Vehicle Service,vehicle_service
recreational_equipment_rental,Recreational Equipment Rental,sports_and_recreation
recreational_trail_or_path,Recreational Trail Or Path,sports_and_recreation
restorationist_place_of_worship,Restorationist Place Of Worship,christian_place_of_worship
rural_attraction,Rural Attraction,arts_and_entertainment
science_attraction,Science Attraction,arts_and_entertainment
screen_printing_service,Screen Printing Service,printing_service
senior_living_facility,Senior Living Facility,housing_or_property_service
services_and_business,Services And Business,
shipping_or_delivery_service,Shipping Or Delivery Service,services_and_business
shopping_service,Shopping Service,shopping
south_american_restaurant,South American Restaurant,latin_american_restaurant
south_asian_restaurant,South Asian Restaurant,asian_restaurant
southeast_asian_restaurant,Southeast Asian Restaurant,asian_restaurant
special_diet_restaurant,Special Diet Restaurant,restaurant
specialized_medical_facility,Specialized Medical Facility,health_care
specialty_hospital,Specialty Hospital,hospital
sport_court,Sport Court,sport_or_fitness_facility
sport_field,Sport Field,sport_or_fitness_facility
sport_league,Sport League,sports_and_recreation
sport_team,Sport Team,sports_and_recreation
stadium,Stadium,stadium_arena
tactical_supply_store,Tactical Supply Store,specialty_store
tasting_class,Tasting Class,class_venue
taxi_or_ride_share_service,Taxi Or Ride Share Service,ground_transport_facility_or_service
technical_service,Technical Service,services_and_business
toys_and_games_store,Toys And Games Store,specialty_store
truck_and_industrial_vehicle_services,Truck And Industrial Vehicle Services,b2b_transportation_and_storage_service
vehicle_parts_manufacturer,Vehicle Parts Manufacturer,manufacturer
vehicle_parts_store,Vehicle Parts Store,specialty_store
vehicle_rental_service,Vehicle Rental Service,rental_service
vehicle_service,Vehicle Service,travel_and_transportation
veterinary_care,Veterinary Care,animal_or_pet_service
water_feature,Water Feature,geographic_entities
water_sport,Water Sport,sport_or_fitness_facility
water_transport_facility_or_service,Water Transport Facility Or Service,travel_and_transportation
west_african_restaurant,West African Restaurant,african_restaurant
western_european_restaurant,Western European Restaurant,european_restaurant
